Judul Pelatihan;Jumlah Hari Pelatihan;Jumlah Jam Pelatihan Per Hari;tanggal awal;tanggal akhir;Biaya Pelatihan  Online; Biaya Pelatihan  Offline ;Online;Offline;Lokasi Pelatihan;"Contac Person
";No Telepon/ HP;Alamat Email ;;
Generator & Transformer Protection;2 Hari;8 Jam;09-Jan-25;10-Jan-25; IDR  4.000.000 ; IDR  6.000.000 ;Yes;Yes;Jakarta/Bandung/Yoyakarta;Gunawan;082122836526;"gunawan@united-trainingdevelopment.com
";;
Bearing,Instalation,Lubrication Maintenance & Troubleshooting;2 Hari;8 Jam;23-Jan-25;24-Jan-25; IDR  4.000.000 ; IDR  6.000.000 ;Yes;Yes;Jakarta/Bandung/Yoyakarta;Gunawan;082122836526;"gunawan@united-trainingdevelopment.com
";;
Outage Management;2 Hari;8 Jam;10-Feb-25;11-Feb-25; IDR  4.000.000 ; IDR  6.000.000 ;Yes;Yes;Jakarta/Bandung/Yoyakarta;Gunawan;082122836526;"gunawan@united-trainingdevelopment.com
";;
Post Weld Heat Treatment (PWHT);2 Hari;8 Jam;13-Feb-25;14-Feb-25; IDR  4.000.000 ; IDR  6.000.000 ;Yes;Yes;Jakarta/Bandung/Yoyakarta;Gunawan;082122836526;"gunawan@united-trainingdevelopment.com
";;
General Affairs Professional;6 Hari;4;14-Feb-22;15-Feb-22;;;Yes;Yes;Jakarta/Bandung/Yoyakarta;Gunawan;082122836526;"gunawan@united-trainingdevelopment.com
";;
Project Cost Managment;2 Hari;8 Jam;20-Feb-25;21-Feb-25; IDR  4.000.000 ; IDR  6.000.000 ;Yes;Yes;Jakarta/Bandung/Yoyakarta;Gunawan;082122836526;"gunawan@united-trainingdevelopment.com
";;
Engine Lubrication;2 Hari;8 Jam;06-Mar-25;07-Mar-25; IDR  4.000.000 ; IDR  6.000.000 ;Yes;Yes;Jakarta/Bandung/Yoyakarta;Gunawan;082122836526;"gunawan@united-trainingdevelopment.com
";;
Failur Mode Effect Analysys ( FMEA );2 Hari;8 Jam;07-May-25;08-May-25; IDR  4.000.000 ; IDR  6.000.000 ;Yes;Yes;Jakarta/Bandung/Yoyakarta;Gunawan;082122836526;"gunawan@united-trainingdevelopment.com
";;
Pengamanan VIP/VVIP;2 Hari;8 Jam;14-May-25;15-May-25; IDR  4.000.000 ; IDR  6.000.000 ;Yes;Yes;Jakarta/Bandung/Yoyakarta;Gunawan;082122836526;"gunawan@united-trainingdevelopment.com
";;
Purchasing And Procurement Management;2 Hari;8 Jam;29-Apr-25;30-Apr-25; IDR  4.000.000 ; IDR  6.000.000 ;Yes;Yes;Jakarta/Bandung/Yoyakarta;Gunawan;082122836526;"gunawan@united-trainingdevelopment.com
";;
Predictive And Preventive Maintenance;2 Hari;8 Jam;06-May-25;07-May-25; IDR  4.000.000 ; IDR  6.000.000 ;Yes;Yes;Jakarta/Bandung/Yoyakarta;Gunawan;082122836526;"gunawan@united-trainingdevelopment.com
";;
Pengujian & Kalibrasi,Proteksi Peralatan Electrik Pembangkit;2 Hari;8 Jam;15-May-25;16-May-25; IDR  4.000.000 ; IDR  6.000.000 ;Yes;Yes;Jakarta/Bandung/Yoyakarta;Gunawan;082122836526;"gunawan@united-trainingdevelopment.com
";;
Control Valve Operation & Maintenance Troubleshoot;2 Hari;8 Jam;06-May-25;07-May-25; IDR  4.000.000 ; IDR  6.000.000 ;Yes;Yes;Jakarta/Bandung/Yoyakarta;Gunawan;082122836526;;;
Electrical Power System Analysis & Protect;2 Hari;8 Jam;14-May-25;15-May-25; IDR  4.000.000 ; IDR  6.000.000 ;Yes;Yes;Jakarta/Bandung/Yoyakarta;Gunawan;082122836526;;;
Uninteruptible Power Supplay;2 Hari;8 Jam;20-Feb-25;21-Feb-25; IDR  4.000.000 ; IDR  6.000.000 ;Yes;Yes;Jakarta/Bandung/Yoyakarta;Gunawan;082122836526;;;
Pemeliharaan Pompa;2 Hari;8 Jam;06-Mar-25;07-Mar-25; IDR  4.000.000 ; IDR  6.000.000 ;Yes;Yes;Jakarta/Bandung/Yoyakarta;Gunawan;082122836526;"gunawan@united-trainingdevelopment.com
";;
Refractory & Heat Insulation;2 Hari;8 Jam;13-Feb-25;14-Feb-25; IDR  4.000.000 ; IDR  6.000.000 ;Yes;Yes;Jakarta/Bandung/Yoyakarta;Gunawan;082122836526;"gunawan@united-trainingdevelopment.com
";;
Proses Control Instrumentation;2 Hari;8 Jam;21-May-25;22-May-25; IDR  4.000.000 ; IDR  6.000.000 ;Yes;Yes;Jakarta/Bandung/Yoyakarta;Gunawan;082122836526;"gunawan@united-trainingdevelopment.com
";;
Advance PLC & Application;2 Hari;8 Jam;29-Apr-25;30-Apr-25; IDR  4.000.000 ; IDR  6.000.000 ;Yes;Yes;Jakarta/Bandung/Yoyakarta;Gunawan;082122836526;"gunawan@united-trainingdevelopment.com
";;
Supervisi Pemeliharaan Pembangkit ;2 Hari;8 Jam;21-May-25;22-May-25; IDR  4.000.000 ; IDR  6.000.000 ;Yes;Yes;Jakarta/Bandung/Yoyakarta;Gunawan;082122836526;"gunawan@united-trainingdevelopment.com
";;
Asset Management Pilar SCM;2 Hari;8 Jam;27-May-25;28-May-25; IDR  4.000.000 ; IDR  6.000.000 ;Yes;Yes;Jakarta/Bandung/Yoyakarta;Gunawan;082122836526;"gunawan@united-trainingdevelopment.com
";;
Advance Leadership;2 Hari;8 Jam;13-Feb-25;14-Feb-25; IDR  4.000.000 ; IDR  6.000.000 ;Yes;Yes;Jakarta/Bandung/Yoyakarta;Gunawan;082122836526;"gunawan@united-trainingdevelopment.com
";;
Supervisi Pekerjaan Coal & Ash Handling;2 Hari;8 Jam;16-Mar-23;17-Mar-23; IDR  4.000.000 ; IDR  6.000.000 ;Yes;Yes;Jakarta/Bandung/Yoyakarta;Gunawan;082122836526;"gunawan@united-trainingdevelopment.com
";;
Maintenance Management For Supervisor/Manager;2 Hari;8 Jam;19-Feb-25;20-Feb-25; IDR  4.000.000 ; IDR  6.000.000 ;Yes;Yes;Jakarta/Bandung/Yoyakarta;Gunawan;082122836526;"gunawan@united-trainingdevelopment.com
";;
Pengoperatian HRSH II;2 Hari;8 Jam;29-Apr-25;30-Apr-25; IDR  4.000.000 ; IDR  6.000.000 ;Yes;Yes;Jakarta/Bandung/Yoyakarta;Gunawan;082122836526;"gunawan@united-trainingdevelopment.com
";;
FMEA & RCFA;2 Hari;8 Jam;16-Jan-25;17-Jan-25; IDR  4.000.000 ; IDR  6.000.000 ;Yes;Yes;Jakarta/Bandung/Yoyakarta;Gunawan;082122836526;"gunawan@united-trainingdevelopment.com
";;
Data Analysis Fundamental Using MS Excel;2 Hari;8 Jam;15-May-25;15-May-25; IDR  4.000.000 ; IDR  6.000.000 ;Yes;Yes;Jakarta/Bandung/Yoyakarta;Gunawan;082122836526;"gunawan@united-trainingdevelopment.com
";;
Vibration  Analysis;2 Hari;8 Jam;05-Jun-25;06-Jun-25; IDR  4.000.000 ; IDR  6.000.000 ;Yes;Yes;Jakarta/Bandung/Yoyakarta;Gunawan;082122836526;"gunawan@united-trainingdevelopment.com
";;
Aspek Hukum Kontrak;2 Hari;8 Jam;11-Feb-25;12-Feb-25; IDR  4.000.000 ; IDR  6.000.000 ;Yes;Yes;Jakarta/Bandung/Yoyakarta;Gunawan;082122836526;"gunawan@united-trainingdevelopment.com
";;
Budgeting & Cost Control;2 Hari;8 Jam;19-Jun-25;20-Jun-25; IDR  4.000.000 ; IDR  6.000.000 ;Yes;Yes;Jakarta/Bandung/Yoyakarta;Gunawan;082122836526;"gunawan@united-trainingdevelopment.com
";;
Root Cause Analysis;2 Hari;8 Jam;23-May-23;24-May-23; IDR  4.000.000 ; IDR  6.000.000 ;Yes;Yes;Jakarta/Bandung/Yoyakarta;Gunawan;082122836526;"gunawan@united-trainingdevelopment.com
";;
Corrotion,Metallurgy and Failur Prevention;2 Hari;8 Jam;20-May-25;21-May-25; IDR  4.000.000 ; IDR  6.000.000 ;Yes;Yes;Jakarta/Bandung/Yoyakarta;Gunawan;082122836526;"gunawan@united-trainingdevelopment.com
";;
Enginering & Instrument Control Pembangkit;2 Hari;8 Jam;12-Jun-25;13-Jun-25; IDR  4.000.000 ; IDR  6.000.000 ;Yes;Yes;Jakarta/Bandung/Yoyakarta;Gunawan;082122836526;"gunawan@united-trainingdevelopment.com
";;
Coal Stockpile Management;2 Hari;8 Jam;04-Mar-25;05-Mar-25; IDR  4.000.000 ; IDR  6.000.000 ;Yes;Yes;Jakarta/Bandung/Yoyakarta;Gunawan;082122836526;"gunawan@united-trainingdevelopment.com
";;
Refractory & Heat Insulation;2 Hari;8 Jam;09-Aug-23;10-Aug-23; IDR  4.000.000 ; IDR  6.000.000 ;Yes;Yes;Jakarta/Bandung/Yoyakarta;Gunawan;082122836526;"gunawan@united-trainingdevelopment.com
";;
Welding Technologi;2 Hari;8 Jam;12-Jun-25;13-Jun-25; IDR  4.000.000 ; IDR  6.000.000 ;Yes;Yes;Jakarta/Bandung/Yoyakarta;Gunawan;082122836526;"gunawan@united-trainingdevelopment.com
";;
Management Overhaul;2 Hari;8 Jam;18-Jun-25;19-Jun-25; IDR  4.000.000 ; IDR  6.000.000 ;Yes;Yes;Jakarta/Bandung/Yoyakarta;Gunawan;082122836526;"gunawan@united-trainingdevelopment.com
";;
P & ID;2 Hari;8 Jam;07-Jul-25;08-Jul-25; IDR  4.000.000 ; IDR  6.000.000 ;Yes;Yes;Jakarta/Bandung/Yoyakarta;Gunawan;082122836526;"gunawan@united-trainingdevelopment.com
";;
Shutdown and Turnaround Management;2 Hari;8 Jam;18-Jun-25;19-Jun-25; IDR  4.000.000 ; IDR  6.000.000 ;Yes;Yes;Jakarta/Bandung/Yoyakarta;Gunawan;082122836526;"gunawan@united-trainingdevelopment.com
";;
Manajemen Proyek;2 Hari;8 Jam;22-Apr-25;23-Apr-25; IDR  4.000.000 ; IDR  6.000.000 ;Yes;Yes;Jakarta/Bandung/Yoyakarta;Gunawan;082122836526;"gunawan@united-trainingdevelopment.com
";;
Conflict & Crisis Management;2 Hari;8 Jam;08-Jul-25;09-Jul-25; IDR  4.000.000 ; IDR  6.000.000 ;Yes;Yes;Jakarta/Bandung/Yoyakarta;Gunawan;082122836526;"gunawan@united-trainingdevelopment.com
";;
Evaluasi & Pegendalian Kinerja Pembangkit;2 Hari;8 Jam;11-Jul-25;12-Jul-25; IDR  4.000.000 ; IDR  6.000.000 ;Yes;Yes;Jakarta/Bandung/Yoyakarta;Gunawan;082122836526;"gunawan@united-trainingdevelopment.com
";;
Programmable Logic Contro Allen Bradley;2 Hari;8 Jam;08-Jul-25;09-Jul-25; IDR  4.000.000 ; IDR  6.000.000 ;Yes;Yes;Jakarta/Bandung/Yoyakarta;Gunawan;082122836526;"gunawan@united-trainingdevelopment.com
";;
PLC Siemens S7;2 Hari;8 Jam;16-Jul-25;17-Jul-25; IDR  4.000.000 ; IDR  6.000.000 ;Yes;Yes;Jakarta/Bandung/Yoyakarta;Gunawan;082122836526;"gunawan@united-trainingdevelopment.com
";;
Electrical Power System Analysis Using Etap;2 Hari;8 Jam;24-Jun-25;25-Jun-25; IDR  4.000.000 ; IDR  6.000.000 ;Yes;Yes;Jakarta/Bandung/Yoyakarta;Gunawan;082122836526;"gunawan@united-trainingdevelopment.com
";;
HVAC System & PLC Control;2 Hari;8 Jam;13-Aug-25;14-Aug-25; IDR  4.000.000 ; IDR  6.000.000 ;Yes;Yes;Jakarta/Bandung/Yoyakarta;Gunawan;082122836526;"gunawan@united-trainingdevelopment.com
";;
Supervisi Pemeliharaan Pembangkit ;2 Hari;8 Jam;08-Jul-25;09-Jul-25; IDR  4.000.000 ; IDR  6.000.000 ;Yes;Yes;Jakarta/Bandung/Yoyakarta;Gunawan;082122836526;"gunawan@united-trainingdevelopment.com
";;
Peraturan Disiplin Pegawai;2 Hari;8 Jam;24-Jun-25;25-Jun-25; IDR  4.000.000 ; IDR  6.000.000 ;Yes;Yes;Jakarta/Bandung/Yoyakarta;Gunawan;082122836526;"gunawan@united-trainingdevelopment.com
";;
Planning Scheduling Project;2 Hari;8 Jam;16-Jul-25;17-Jul-25; IDR  4.000.000 ; IDR  6.000.000 ;Yes;Yes;Jakarta/Bandung/Yoyakarta;Gunawan;082122836526;"gunawan@united-trainingdevelopment.com
";;
Project Management Profesional;2 Hari;8 Jam;05-Aug-25;06-Aug-25; IDR  4.000.000 ; IDR  6.000.000 ;Yes;Yes;Jakarta/Bandung/Yoyakarta;Gunawan;082122836526;"gunawan@united-trainingdevelopment.com
";;
Penyusunan Harga Perkiraan Sendiri ( HPS );2 Hari;8 Jam;16-Jul-25;17-Jul-25; IDR  4.000.000 ; IDR  6.000.000 ;Yes;Yes;Jakarta/Bandung/Yoyakarta;Gunawan;082122836526;"gunawan@united-trainingdevelopment.com
";;
Dasar Programable PLC;2 Hari;8 Jam;21-Jul-25;22-Jul-25; IDR  4.000.000 ; IDR  6.000.000 ;Yes;Yes;Jakarta/Bandung/Yoyakarta;Gunawan;082122836526;"gunawan@united-trainingdevelopment.com
";;
Reability Program Leader;2 Hari;8 Jam;06-Aug-25;07-Aug-25; IDR  4.000.000 ; IDR  6.000.000 ;Yes;Yes;Jakarta/Bandung/Yoyakarta;Gunawan;082122836526;"gunawan@united-trainingdevelopment.com
";;
Microsoft Project;2 Hari;8 Jam;10-Jan-22;11-Jan-22;; IDR  5.700.000 ;Yes;Yes;Jakarta/Bandung/Yoyakarta;Gunawan;082122836526;"gunawan@united-trainingdevelopment.com
";;
Balancing Rotating Machinery;2 Hari;8 Jam;13-Aug-25;14-Aug-25; IDR  4.000.000 ; IDR  6.000.000 ;Yes;Yes;Jakarta/Bandung/Yoyakarta;Gunawan;082122836526;"gunawan@united-trainingdevelopment.com
";;
Ekonomic Dispatch;2 Hari;8 Jam;24-Jul-25;25-Jul-25; IDR  4.000.000 ; IDR  6.000.000 ;Yes;Yes;Jakarta/Bandung/Yoyakarta;Gunawan;082122836526;"gunawan@united-trainingdevelopment.com
";;
IT Risk Management;2 Hari;8 Jam;29-Jan-25;30-Jan-25; IDR  4.000.000 ; IDR  6.000.000 ;Yes;Yes;Jakarta/Bandung/Yoyakarta;Gunawan;082122836526;"gunawan@united-trainingdevelopment.com
";;
Database IBM.DB2;2 Hari;8 Jam;13-Aug-25;14-Aug-25; IDR  4.000.000 ; IDR  6.000.000 ;Yes;Yes;Jakarta/Bandung/Yoyakarta;Gunawan;082122836526;"gunawan@united-trainingdevelopment.com
";;
Basic Asset Management;2 Hari;8 Jam;12-Aug-25;13-Aug-25; IDR  4.000.000 ; IDR  6.000.000 ;Yes;Yes;Jakarta/Bandung/Yoyakarta;Gunawan;082122836526;"gunawan@united-trainingdevelopment.com
";;
Condition Based Maintenance ( CBM );2 Hari;8 Jam;23-Jul-25;24-Jul-25; IDR  4.000.000 ; IDR  6.000.000 ;Yes;Yes;Jakarta/Bandung/Yoyakarta;Gunawan;082122836526;"gunawan@united-trainingdevelopment.com
";;
Advance Microsoft Excel;2 Hari;8 Jam;19-Aug-25;20-Aug-25; IDR  4.000.000 ; IDR  6.000.000 ;Yes;Yes;Jakarta/Bandung/Yoyakarta;Gunawan;082122836526;"gunawan@united-trainingdevelopment.com
";;
HVAC System;2 Hari;8 Jam;08-Sep-25;09-Sep-25; IDR  4.000.000 ; IDR  6.000.000 ;Yes;Yes;Jakarta/Bandung/Yoyakarta;Gunawan;082122836526;"gunawan@united-trainingdevelopment.com
";;
Life Cycle Cost Analysis;2 Hari;8 Jam;22-Jul-25;23-Jul-25; IDR  4.000.000 ; IDR  6.000.000 ;Yes;Yes;Jakarta/Bandung/Yoyakarta;Gunawan;082122836526;"gunawan@united-trainingdevelopment.com
";;
Network & Sistem Administration;2 Hari;8 Jam;27-Aug-25;28-Aug-25; IDR  4.000.000 ; IDR  6.000.000 ;Yes;Yes;Jakarta/Bandung/Yoyakarta;Gunawan;082122836526;"gunawan@united-trainingdevelopment.com
";;
Quality Service & Handling Custamer;2 Hari;8 Jam;09-Sep-25;10-Sep-25; IDR  4.000.000 ; IDR  6.000.000 ;Yes;Yes;Jakarta/Bandung/Yoyakarta;Gunawan;082122836526;"gunawan@united-trainingdevelopment.com
";;
Production/Operation Planing & Control;2 Hari;8 Jam;11-Sep-25;12-Sep-25; IDR  4.000.000 ; IDR  6.000.000 ;Yes;Yes;Jakarta/Bandung/Yoyakarta;Gunawan;082122836526;"gunawan@united-trainingdevelopment.com
";;
Supplay Chain Management;2 Hari;8 Jam;21-Aug-25;22-Aug-25; IDR  4.000.000 ; IDR  6.000.000 ;Yes;Yes;Jakarta/Bandung/Yoyakarta;Gunawan;082122836526;"gunawan@united-trainingdevelopment.com
";;
Pelumas dan System Pelumasan;2 Hari;8 Jam;29-Apr-25;30-Apr-25; IDR  4.000.000 ; IDR  6.000.000 ;Yes;Yes;Jakarta/Bandung/Yoyakarta;Gunawan;082122836526;"gunawan@united-trainingdevelopment.com
";;
Sparepart Management;2 Hari;8 Jam;26-Feb-25;27-Apr-25; IDR  4.000.000 ; IDR  6.000.000 ;Yes;Yes;Jakarta/Bandung/Yoyakarta;Gunawan;082122836526;"gunawan@united-trainingdevelopment.com
";;
Pemeliharaan Transformator;2 Hari;8 Jam;27-May-25;28-May-25; IDR  4.000.000 ; IDR  6.000.000 ;Yes;Yes;Jakarta/Bandung/Yoyakarta;Gunawan;082122836526;"gunawan@united-trainingdevelopment.com
";;
Coal Fired Power Plant Performance Analysis;2 Hari;8 Jam;21-May-25;22-May-25; IDR  4.000.000 ; IDR  6.000.000 ;Yes;Yes;Jakarta/Bandung/Yoyakarta;Gunawan;082122836526;"gunawan@united-trainingdevelopment.com
";;
Hukum Ketenagakerjaan dan Hubungan Industrial;2 Hari;8 Jam;09-Oct-25;10-Oct-25; IDR  4.000.000 ; IDR  6.000.000 ;Yes;Yes;Jakarta/Bandung/Yoyakarta;Gunawan;082122836526;"gunawan@united-trainingdevelopment.com
";;
Busines Continuity Management System;2 Hari;8 Jam;16-Oct-25;17-Oct-25; IDR  4.000.000 ; IDR  6.000.000 ;Yes;Yes;Jakarta/Bandung/Yoyakarta;Gunawan;082122836526;"gunawan@united-trainingdevelopment.com
";;
Deklarasi Kondisi & Indeks Kinerja Pembangkit;2 Hari;8 Jam;21-Oct-25;22-Oct-25; IDR  4.000.000 ; IDR  6.000.000 ;Yes;Yes;Jakarta/Bandung/Yoyakarta;Gunawan;082122836526;"gunawan@united-trainingdevelopment.com
";;
Failur Analysis & Remaining Life Assesment;2 Hari;8 Jam;22-Oct-25;23-Oct-25; IDR  4.000.000 ; IDR  6.000.000 ;Yes;Yes;Jakarta/Bandung/Yoyakarta;Gunawan;082122836526;"gunawan@united-trainingdevelopment.com
";;
Pemeliharaan Generator & Auxilliary;2 Hari;8 Jam;06-Nov-25;07-Nov-25; IDR  4.000.000 ; IDR  6.000.000 ;Yes;Yes;Jakarta/Bandung/Yoyakarta;Gunawan;082122836526;"gunawan@united-trainingdevelopment.com
";;
Negotiation & Lobbying Skil;2 Hari;8 Jam;09-Sep-25;10-Sep-25; IDR  4.000.000 ; IDR  6.000.000 ;Yes;Yes;Jakarta/Bandung/Yoyakarta;Gunawan;082122836526;"gunawan@united-trainingdevelopment.com
";;
Effective Coaching & Counseling;2 Hari;8 Jam;11-Sep-25;12-Sep-25; IDR  4.000.000 ; IDR  6.000.000 ;Yes;Yes;Jakarta/Bandung/Yoyakarta;Gunawan;082122836526;"gunawan@united-trainingdevelopment.com
";;
Shopfloor Leadership;2 Hari;8 Jam;16-Nov-25;17-Nov-25; IDR  4.000.000 ; IDR  6.000.000 ;Yes;Yes;Jakarta/Bandung/Yoyakarta;Gunawan;082122836526;"gunawan@united-trainingdevelopment.com
";;
Basic Leadership;2 Hari;8 Jam;14-Oct-25;15-Oct-25; IDR  4.000.000 ; IDR  6.000.000 ;Yes;Yes;Jakarta/Bandung/Yoyakarta;Gunawan;082122836526;"gunawan@united-trainingdevelopment.com
";;
Pemeliharaan Mesin Diesel;2 Hari;8 Jam;15-Dec-25;16-Dec-25; IDR  4.000.000 ; IDR  6.000.000 ;Yes;Yes;Jakarta/Bandung/Yoyakarta;Gunawan;082122836526;"gunawan@united-trainingdevelopment.com
";;
Effective Delegation,Monitoring &Feedback;2 Hari;8 Jam;16-Sep-25;17-Sep-25; IDR  4.000.000 ; IDR  6.000.000 ;Yes;Yes;Jakarta/Bandung/Yoyakarta;Gunawan;082122836526;"gunawan@united-trainingdevelopment.com
";;
ISO 370001;2 Hari;8 Jam;26-Aug-25;27-Aug-25; IDR  4.000.000 ; IDR  6.000.000 ;Yes;Yes;Jakarta/Bandung/Yoyakarta;Gunawan;082122836526;"gunawan@united-trainingdevelopment.com
";;
Manajemen Kinerja Fungsi SDM;2 Hari;8 Jam;;;; IDR  5.700.000 ;Yes;Yes;Jakarta/Bandung/Yoyakarta;Gunawan;082122836526;"gunawan@united-trainingdevelopment.com
";;
Pengoperasian PLTG/PLTGU;2 Hari;8 Jam;16-Jul-25;17-Jul-25; IDR  4.000.000 ; IDR  6.000.000 ;Yes;Yes;Jakarta/Bandung/Yoyakarta;Gunawan;082122836526;"gunawan@united-trainingdevelopment.com
";;
Management Energi Primer;2 Hari;8 Jam;18-Jun-25;19-Jun-25; IDR  4.000.000 ; IDR  6.000.000 ;Yes;Yes;Jakarta/Bandung/Yoyakarta;Gunawan;082122836526;"gunawan@united-trainingdevelopment.com
";;
Bisnis Proses Pembangkit;2 Hari;8 Jam;09-Jul-25;10-Jul-25; IDR  4.000.000 ; IDR  6.000.000 ;Yes;Yes;Jakarta/Bandung/Yoyakarta;Gunawan;082122836526;"gunawan@united-trainingdevelopment.com
";;
Pemeliharaan Motor Listrik ;2 Hari;8 Jam;;;; IDR  5.700.000 ;Yes;Yes;Jakarta/Bandung/Yoyakarta;Gunawan;082122836526;"gunawan@united-trainingdevelopment.com
";;
Pengadaan Barang dan Jasa;2 Hari;8 Jam;10-Sep-25;11-Sep-25; IDR  4.000.000 ; IDR  6.000.000 ;Yes;Yes;Jakarta/Bandung/Yoyakarta;Gunawan;082122836526;"gunawan@united-trainingdevelopment.com
";;
Chase Flow and Treasure Management;2 Hari;8 Jam;08-Jul-25;09-Jun-25; IDR  4.000.000 ; IDR  6.000.000 ;Yes;Yes;Jakarta/Bandung/Yoyakarta;Gunawan;082122836526;"gunawan@united-trainingdevelopment.com
";;
Pengoperasian Turbin Gas;2 Hari;8 Jam;12-Jun-25;13-Jun-25; IDR  4.000.000 ; IDR  6.000.000 ;Yes;Yes;Jakarta/Bandung/Yoyakarta;Gunawan;082122836526;"gunawan@united-trainingdevelopment.com
";;
Pemeliharaan Proteksi Peralatan Electrikal Pembangkit;2 Hari;8 Jam;28-May-25;29-May-25; IDR  4.000.000 ; IDR  6.000.000 ;Yes;Yes;Jakarta/Bandung/Yoyakarta;Gunawan;082122836526;"gunawan@united-trainingdevelopment.com
";;
Operation Excelence Trrough 5s/5R;2 Hari;8 Jam;23-Jul-25;24-Jul-25; IDR  4.000.000 ; IDR  6.000.000 ;Yes;Yes;Jakarta/Bandung/Yoyakarta;Gunawan;082122836526;"gunawan@united-trainingdevelopment.com
";;
Analisa Beban Kerja;2 Hari;8 Jam;06-May-25;07-May-25; IDR  4.000.000 ; IDR  6.000.000 ;Yes;Yes;Jakarta/Bandung/Yoyakarta;Gunawan;082122836526;"gunawan@united-trainingdevelopment.com
";;
Logistics & Supply Chain Management;2 Hari;8 Jam;22-Jan-25;23-Jan-25; IDR  4.000.000 ; IDR  6.000.000 ;Yes;Yes;Jakarta/Bandung/Yoyakarta;Gunawan;082122836526;"gunawan@united-trainingdevelopment.com
";;
Electronic Document Management System (EDMS);2 Hari;8 Jam;21-May-25;22-May-25; IDR  4.000.000 ; IDR  6.000.000 ;Yes;Yes;Jakarta/Bandung/Yoyakarta;Gunawan;082122836526;"gunawan@united-trainingdevelopment.com
";;
Inventory & Warehouse Management;2 Hari;8 Jam;05-Feb-25;06-Feb-25; IDR  4.000.000 ; IDR  6.000.000 ;Yes;Yes;Jakarta/Bandung/Yoyakarta;Gunawan;082122836526;"gunawan@united-trainingdevelopment.com
";;
Assertive Communication Skill;2 Hari;8 Jam;07-Mar-25;08-Mar-25; IDR  4.000.000 ; IDR  6.000.000 ;Yes;Yes;Jakarta/Bandung/Yoyakarta;Gunawan;082122836526;"gunawan@united-trainingdevelopment.com
";;
Pengenalan Sistem Proteksi Mekanik Pembangkit;2 Hari;8 Jam;20-May-25;21-May-25; IDR  4.000.000 ; IDR  6.000.000 ;Yes;Yes;Jakarta/Bandung/Yoyakarta;Gunawan;082122836526;"gunawan@united-trainingdevelopment.com
";;
Digital Transformtion Leader;2 Hari;8 Jam;18-Jun-25;19-Jun-25; IDR  4.000.000 ; IDR  6.000.000 ;Yes;Yes;Jakarta/Bandung/Yoyakarta;Gunawan;082122836526;"gunawan@united-trainingdevelopment.com
";;
Pengelolaan Limbah Non Bahan Berbahaya dan Beracun (B3);2 Hari;8 Jam;04-Nov-25;05-Nov-25; IDR  4.000.000 ; IDR  6.000.000 ;Yes;Yes;Jakarta/Bandung/Yoyakarta;Gunawan;082122836526;"gunawan@united-trainingdevelopment.com
";;
Problem Solving & Decision Making;2 Hari;8 Jam;18-Jun-25;19-Jun-25; IDR  4.000.000 ; IDR  6.000.000 ;Yes;Yes;Jakarta/Bandung/Yoyakarta;Gunawan;082122836526;"gunawan@united-trainingdevelopment.com
";;
Effective Maintenance Management;2 Hari;8 Jam;07-May-25;08-May-25; IDR  4.000.000 ; IDR  6.000.000 ;Yes;Yes;Jakarta/Bandung/Yoyakarta;Gunawan;082122836526;"gunawan@united-trainingdevelopment.com
";;
Pemanfaatan Limbah B3;2 Hari;8 Jam;13-May-25;14-May-25; IDR  4.000.000 ; IDR  6.000.000 ;Yes;Yes;Jakarta/Bandung/Yoyakarta;Gunawan;082122836526;"gunawan@united-trainingdevelopment.com
";;
Supervisi Operasi Unit Pembangkit;2 Hari;8 Jam;13-Feb-25;14-Feb-25; IDR  4.000.000 ; IDR  6.000.000 ;Yes;Yes;Jakarta/Bandung/Yoyakarta;Gunawan;082122836526;"gunawan@united-trainingdevelopment.com
";;
5s Implementation;2 Hari;8 Jam;19-Feb-25;20-Feb-25; IDR  4.000.000 ; IDR  6.000.000 ;Yes;Yes;Jakarta/Bandung/Yoyakarta;Gunawan;082122836526;"gunawan@united-trainingdevelopment.com
";;
Pemeliharaan Tool Kontrol & Instrumentasi;2 Hari;8 Jam;;;; IDR  5.700.000 ;Yes;Yes;Jakarta/Bandung/Yoyakarta;Gunawan;082122836526;"gunawan@united-trainingdevelopment.com
";;
Autonomous Maintenance : Breakdown Prevention By Operators;2 Hari;8 Jam;;;; IDR  5.700.000 ;Yes;Yes;Jakarta/Bandung/Yoyakarta;Gunawan;082122836526;"gunawan@united-trainingdevelopment.com
";;
Lean Six Sigma;2 Hari;8 Jam;26-Feb-25;27-Feb-25; IDR  4.000.000 ; IDR  6.000.000 ;Yes;Yes;Jakarta/Bandung/Yoyakarta;Gunawan;082122836526;"gunawan@united-trainingdevelopment.com
";;
Management Purchasing and Procurement;2 Hari;8 Jam;22-Feb-22;23-Feb-22;; IDR  5.700.000 ;Yes;Yes;Jakarta/Bandung/Yoyakarta;Gunawan;082122836526;"gunawan@united-trainingdevelopment.com
";;
Cost Reduction & Risk Management;2 Hari;8 Jam;04-Jun-25;05-Feb-25; IDR  4.000.000 ; IDR  6.000.000 ;Yes;Yes;Jakarta/Bandung/Yoyakarta;Gunawan;082122836526;"gunawan@united-trainingdevelopment.com
";;
Public Speaking For Leader;2 Hari;8 Jam;11-Feb-25;12-Feb-25; IDR  4.000.000 ; IDR  6.000.000 ;Yes;Yes;Jakarta/Bandung/Yoyakarta;Gunawan;082122836526;"gunawan@united-trainingdevelopment.com
";;
Strategic Planning & Transformational Leadership Skill;2 Hari;8 Jam;11-Sep-25;12-Sep-25; IDR  4.000.000 ; IDR  6.000.000 ;Yes;Yes;Jakarta/Bandung/Yoyakarta;Gunawan;082122836526;"gunawan@united-trainingdevelopment.com
";;
Negotiation Skill For Procrument;2 Hari;8 Jam;;;; IDR  5.700.000 ;Yes;Yes;Jakarta/Bandung/Yoyakarta;Gunawan;082122836526;"gunawan@united-trainingdevelopment.com
";;
Leadership For Supervisor;2 Hari;8 Jam;17-Sep-25;18-Sep-25; IDR  4.000.000 ; IDR  6.000.000 ;Yes;Yes;Jakarta/Bandung/Yoyakarta;Gunawan;082122836526;"gunawan@united-trainingdevelopment.com
";;
Strategic Planning & Transformational Leadership Skill;2 Hari;8 Jam;05-Dec-22;06-Dec-22;; IDR  5.700.000 ;Yes;Yes;Jakarta/Bandung/Yoyakarta;Gunawan;082122836526;"gunawan@united-trainingdevelopment.com
";;
Procrument & Purchasing Management;2 Hari;8 Jam;21-Oct-25;22-Oct-25; IDR  4.000.000 ; IDR  6.000.000 ;Yes;Yes;Jakarta/Bandung/Yoyakarta;Gunawan;082122836526;"gunawan@united-trainingdevelopment.com
";;
;2 Hari;8 Jam;;;; IDR  5.700.000 ;Yes;Yes;Jakarta/Bandung/Yoyakarta;Gunawan;082122836526;"gunawan@united-trainingdevelopment.com
";;
Performance Management;2 Hari;8 Jam;20-Aug-25;21-Aug-25; IDR  4.000.000 ; IDR  6.000.000 ;Yes;Yes;Jakarta/Bandung/Yoyakarta;Gunawan;082122836526;"gunawan@united-trainingdevelopment.com
";;
Logistic Day Of Improvement;2 Hari;8 Jam;22-Jul-25;23-Jul-25; IDR  4.000.000 ; IDR  6.000.000 ;Yes;Yes;Jakarta/Bandung/Yoyakarta;Gunawan;082122836526;"gunawan@united-trainingdevelopment.com
";;
ISO 1400I;2 Hari;8 Jam;19-Aug-25;20-Aug-25; IDR  4.000.000 ; IDR  6.000.000 ;Yes;Yes;Jakarta/Bandung/Yoyakarta;Gunawan;082122836526;"gunawan@united-trainingdevelopment.com
";;
Pengoperatian Boiler;2 Hari;8 Jam;15-Jun-25;16-Jun-25; IDR  4.000.000 ; IDR  6.000.000 ;Yes;Yes;Jakarta/Bandung/Yoyakarta;Gunawan;082122836526;"gunawan@united-trainingdevelopment.com
";;
Big data &Cloud Computing;2 Hari;8 Jam;15-Jun-25;16-Jun-25; IDR  4.000.000 ; IDR  6.000.000 ;Yes;Yes;Jakarta/Bandung/Yoyakarta;Gunawan;082122836526;"gunawan@united-trainingdevelopment.com
";;
Advance Electrical & Instrumentation;2 Hari;8 Jam;09-Sep-25;10-Sep-25; IDR  4.000.000 ; IDR  6.000.000 ;Yes;Yes;Jakarta/Bandung/Yoyakarta;Gunawan;082122836526;"gunawan@united-trainingdevelopment.com
";;
Mechanical  Electrical plambing ( MEP );2 Hari;8 Jam;11-Jun-25;12-Jun-.25; IDR  4.000.000 ; IDR  6.000.000 ;Yes;Yes;Jakarta/Bandung/Yoyakarta;Gunawan;082122836526;"gunawan@united-trainingdevelopment.com
";;
Basic Pnewmatic;2 Hari;8 Jam;15-Jul-25;16-Jul-25; IDR  4.000.000 ; IDR  6.000.000 ;Yes;Yes;Jakarta/Bandung/Yoyakarta;Gunawan;082122836526;"gunawan@united-trainingdevelopment.com
";;
Management Korosi;2 Hari;8 Jam;27-May-25;28-May-25; IDR  4.000.000 ; IDR  6.000.000 ;Yes;Yes;Jakarta/Bandung/Yoyakarta;Gunawan;082122836526;"gunawan@united-trainingdevelopment.com
";;
Effective Operation Management;2 Hari;8 Jam;15-Jul-25;16-Jul-25; IDR  4.000.000 ; IDR  6.000.000 ;Yes;Yes;Jakarta/Bandung/Yoyakarta;Gunawan;082122836526;"gunawan@united-trainingdevelopment.com
";;
Pemeliharaan Trafo Pembangkit;2 Hari;8 Jam;27-May-25;28-May-25; IDR  4.000.000 ; IDR  6.000.000 ;Yes;Yes;Jakarta/Bandung/Yoyakarta;Gunawan;082122836526;"gunawan@united-trainingdevelopment.com
";;
Supervisi Pekerjaan QA & QC Peralatan Mekanikal;2 Hari;8 Jam;20-May-25;21-May-25; IDR  4.000.000 ; IDR  6.000.000 ;Yes;Yes;Jakarta/Bandung/Yoyakarta;Gunawan;082122836526;"gunawan@united-trainingdevelopment.com
";;
Comprehensive Job Analysis;2 Hari;8 Jam;11-Jun-25;12-Jun-.25; IDR  4.000.000 ; IDR  6.000.000 ;Yes;Yes;Jakarta/Bandung/Yoyakarta;Gunawan;082122836526;"gunawan@united-trainingdevelopment.com
";;
Conflict Manajemen;2 Hari;8 Jam;11-Mar-25;12-Mar-25; IDR  4.000.000 ; IDR  6.000.000 ;Yes;Yes;Jakarta/Bandung/Yoyakarta;Gunawan;082122836526;"gunawan@united-trainingdevelopment.com
";;
Control Valve Operation & Sizing;2 Hari;8 Jam;12-Jun-25;13-Jun-25; IDR  4.000.000 ; IDR  6.000.000 ;Yes;Yes;Jakarta/Bandung/Yoyakarta;Gunawan;082122836526;"gunawan@united-trainingdevelopment.com
";;
Job Design and Workload Analysis;2 Hari;8 Jam;10-Jul-25;11-Jul-25; IDR  4.000.000 ; IDR  6.000.000 ;Yes;Yes;Jakarta/Bandung/Yoyakarta;Gunawan;082122836526;"gunawan@united-trainingdevelopment.com
";;
Administration Purchasing;2 Hari;8 Jam;22-Jul-25;23-Jul-25; IDR  4.000.000 ; IDR  6.000.000 ;Yes;Yes;Jakarta/Bandung/Yoyakarta;Gunawan;082122836526;"gunawan@united-trainingdevelopment.com
";;
Manajemen Operasi dan Pemeliharaan Pembangkit;2 Hari;8 Jam;22-May-25;23-May-25; IDR  4.000.000 ; IDR  6.000.000 ;Yes;Yes;Jakarta/Bandung/Yoyakarta;Gunawan;082122836526;"gunawan@united-trainingdevelopment.com
";;
Mean Time Between Failures ( MTBF );2 Hari;8 Jam;08-Jul-25;09-Jul-25; IDR  4.000.000 ; IDR  6.000.000 ;Yes;Yes;Jakarta/Bandung/Yoyakarta;Gunawan;082122836526;"gunawan@united-trainingdevelopment.com
";;
Office Management;2 Hari;8 Jam;19-Feb-25;20-Feb-25; IDR  4.000.000 ; IDR  6.000.000 ;Yes;Yes;Jakarta/Bandung/Yoyakarta;Gunawan;082122836526;"gunawan@united-trainingdevelopment.com
";;
Tata Kelola Pembangkit;2 Hari;8 Jam;10-Jun-25;11-Jun-25; IDR  4.000.000 ; IDR  6.000.000 ;Yes;Yes;Jakarta/Bandung/Yoyakarta;Gunawan;082122836526;"gunawan@united-trainingdevelopment.com
";;
Project Risk Management;2 Hari;8 Jam;14-Aug-25;15-Aug-25; IDR  4.000.000 ; IDR  6.000.000 ;Yes;Yes;Jakarta/Bandung/Yoyakarta;Gunawan;082122836526;"gunawan@united-trainingdevelopment.com
";;
Effective Shopfloor Leadership;2 Hari;8 Jam;09-Sep-25;09-Sep-25; IDR  4.000.000 ; IDR  6.000.000 ;Yes;Yes;Jakarta/Bandung/Yoyakarta;Gunawan;082122836526;"gunawan@united-trainingdevelopment.com
";;
Leadership Fore Manager;2 Hari;8 Jam;09-Jul-25;10-Jul-25; IDR  4.000.000 ; IDR  6.000.000 ;Yes;Yes;Jakarta/Bandung/Yoyakarta;Gunawan;082122836526;"gunawan@united-trainingdevelopment.com
";;
Strategic Supply Chain Management;2 Hari;8 Jam;07-Agt-25;08-Agt-25; IDR  4.000.000 ; IDR  6.000.000 ;Yes;Yes;Jakarta/Bandung/Yoyakarta;Gunawan;082122836526;"gunawan@united-trainingdevelopment.com
";;
Training Need Analysis;2 Hari;8 Jam;08-Jul-25;09-Jul-25; IDR  4.000.000 ; IDR  6.000.000 ;Yes;Yes;Jakarta/Bandung/Yoyakarta;Gunawan;082122836526;"gunawan@united-trainingdevelopment.com
";;
ISO 31000;2 Hari;8 Jam;19-Aug-25;20-Aug-25; IDR  4.000.000 ; IDR  6.000.000 ;Yes;Yes;Jakarta/Bandung/Yoyakarta;Gunawan;082122836526;"gunawan@united-trainingdevelopment.com
";;
Leadership Skill For Top Management;2 Hari;8 Jam;21-Oct-2025;22-Oct-25; IDR  4.000.000 ; IDR  6.000.000 ;Yes;Yes;Jakarta/Bandung/Yoyakarta;Gunawan;082122836526;"gunawan@united-trainingdevelopment.com
";;
Service Exelence;2 Hari;8 Jam;22-Jan-25;23-Jan-25; IDR  4.000.000 ; IDR  6.000.000 ;Yes;Yes;Jakarta/Bandung/Yoyakarta;Gunawan;082122836526;"gunawan@united-trainingdevelopment.com
";;
Professional Leadership;2 Hari;8 Jam;20-Nov-25;21-Nov-25; IDR  4.000.000 ; IDR  6.000.000 ;Yes;Yes;Jakarta/Bandung/Yoyakarta;Gunawan;082122836526;"gunawan@united-trainingdevelopment.com
";;
Mastering Excel Beyond For Office Data Processing System;2 Hari;8 Jam;17-Sep-25;18-Sep-25; IDR  4.000.000 ; IDR  6.000.000 ;Yes;Yes;Jakarta/Bandung/Yoyakarta;Gunawan;082122836526;"gunawan@united-trainingdevelopment.com
";;
Community Based Security Management;2 Hari;8 Jam;25-Jun-25;26-Jun-25; IDR  4.000.000 ; IDR  6.000.000 ;Yes;Yes;Jakarta/Bandung/Yoyakarta;Gunawan;082122836526;"gunawan@united-trainingdevelopment.com
";;
Office Management & Administration;2 Hari;8 Jam;20-Agt-25;21-Agt-25; IDR  4.000.000 ; IDR  6.000.000 ;Yes;Yes;Jakarta/Bandung/Yoyakarta;Gunawan;082122836526;"gunawan@united-trainingdevelopment.com
";;
Metal ARC Welding;2 Hari;8 Jam;09-Sep-25;10-Sep-25; IDR  4.000.000 ; IDR  6.000.000 ;Yes;Yes;Jakarta/Bandung/Yoyakarta;Gunawan;082122836526;"gunawan@united-trainingdevelopment.com
";;
Oil Analysiz & Tribology;2 Hari;8 Jam;19-Jun-25;20-Jun-25; IDR  4.000.000 ; IDR  6.000.000 ;Yes;Yes;Jakarta/Bandung/Yoyakarta;Gunawan;082122836526;"gunawan@united-trainingdevelopment.com
";;
Welding Metalurgy;2 Hari;8 Jam;11-Sep-25;12-Sep-25; IDR  4.000.000 ; IDR  6.000.000 ;Yes;Yes;Jakarta/Bandung/Yoyakarta;Gunawan;082122836526;"gunawan@united-trainingdevelopment.com
";;
Problem Solving and Decision Making;2 Hari;8 Jam;25-Sep-25;26-Sep-25; IDR  4.000.000 ; IDR  6.000.000 ;Yes;Yes;Jakarta/Bandung/Yoyakarta;Gunawan;082122836526;"gunawan@united-trainingdevelopment.com
";;
Public Speaking And Presentation Skil;2 Hari;8 Jam;11-Nov-25;12-Nov-25; IDR  4.000.000 ; IDR  6.000.000 ;Yes;Yes;Jakarta/Bandung/Yoyakarta;Gunawan;082122836526;"gunawan@united-trainingdevelopment.com
";;
Analythical Thinking & Problem Solving;2 Hari;8 Jam;21-Oct-25;22-Oct-25; IDR  4.000.000 ; IDR  6.000.000 ;Yes;Yes;Jakarta/Bandung/Yoyakarta;Gunawan;082122836526;"gunawan@united-trainingdevelopment.com
";;
Planning & Controlling Operation;2 Hari;8 Jam;06-Oct-25;07-Oct-25; IDR  4.000.000 ; IDR  6.000.000 ;Yes;Yes;Jakarta/Bandung/Yoyakarta;Gunawan;082122836526;"gunawan@united-trainingdevelopment.com
";;
Handling Complaint & Difficul Custamer;2 Hari;8 Jam;12-Nov-25;13-Nov-25; IDR  4.000.000 ; IDR  6.000.000 ;Yes;Yes;Jakarta/Bandung/Yoyakarta;Gunawan;082122836526;"gunawan@united-trainingdevelopment.com
";;
Essential Skill For Secretaris;2 Hari;8 Jam;10-Jun-25;11-Jun-25; IDR  4.000.000 ; IDR  6.000.000 ;Yes;Yes;Jakarta/Bandung/Yoyakarta;Gunawan;082122836526;"gunawan@united-trainingdevelopment.com
";;
Basic Secretarial Skill;2 Hari;8 Jam;25-Nov-25;26-Nov-25; IDR  4.000.000 ; IDR  6.000.000 ;Yes;Yes;Jakarta/Bandung/Yoyakarta;Gunawan;082122836526;"gunawan@united-trainingdevelopment.com
";;
Chemical Spill Response Procedure;2 Hari;8 Jam;14-Oct-25;15-Oct-25; IDR  4.000.000 ; IDR  6.000.000 ;Yes;Yes;Jakarta/Bandung/Yoyakarta;Gunawan;082122836526;"gunawan@united-trainingdevelopment.com
";;
Chemical Enginering Fundamental Non Enginer;2 Hari;8 Jam;27-Nov-25;28-Nov-25; IDR  4.000.000 ; IDR  6.000.000 ;Yes;Yes;Jakarta/Bandung/Yoyakarta;Gunawan;082122836526;"gunawan@united-trainingdevelopment.com
";;
 Bahan bahan Kimia Berbahaya di Industri;2 Hari;8 Jam;08-Oct-25;09-Oct-25; IDR  4.000.000 ; IDR  6.000.000 ;Yes;Yes;Jakarta/Bandung/Yoyakarta;Gunawan;082122836526;"gunawan@united-trainingdevelopment.com
";;
Legal Drafting & Writing;2 Hari;8 Jam;19-Nov-25;20-Nov-25; IDR  4.000.000 ; IDR  6.000.000 ;Yes;Yes;Jakarta/Bandung/Yoyakarta;Gunawan;082122836526;"gunawan@united-trainingdevelopment.com
";;
Production Planning and Inventory Control;2 Hari;8 Jam;12-Aug-25;13-Aug-25; IDR  4.000.000 ; IDR  6.000.000 ;Yes;Yes;Jakarta/Bandung/Yoyakarta;Gunawan;082122836526;"gunawan@united-trainingdevelopment.com
";;
Manufacturing Planning Control;2 Hari;8 Jam;14-Oct-25;15-Oct-25; IDR  4.000.000 ; IDR  6.000.000 ;Yes;Yes;Jakarta/Bandung/Yoyakarta;Gunawan;082122836526;"gunawan@united-trainingdevelopment.com
";;
Custamer Relationship Management;2 Hari;8 Jam;15-Jul-25;16-Jul-25; IDR  4.000.000 ; IDR  6.000.000 ;Yes;Yes;Jakarta/Bandung/Yoyakarta;Gunawan;082122836526;"gunawan@united-trainingdevelopment.com
";;
Customer Service Skill;2 Hari;8 Jam;13-Aug-25;14-Aug-25; IDR  4.000.000 ; IDR  6.000.000 ;Yes;Yes;Jakarta/Bandung/Yoyakarta;Gunawan;082122836526;"gunawan@united-trainingdevelopment.com
";;
Program Masa Persiapan Pensiun (MPP);2 Hari;8 Jam;16-Jul-25;17-Jul-25; IDR  4.000.000 ; IDR  6.000.000 ;Yes;Yes;Jakarta/Bandung/Yoyakarta;Gunawan;082122836526;"gunawan@united-trainingdevelopment.com
";;
Powerless Leadership For Manager;2 Hari;8 Jam;11-Sep-24;12-Oct-23; IDR  4.000.000 ; IDR  6.000.000 ;Yes;Yes;Jakarta/Bandung/Yoyakarta;Gunawan;082122836526;"gunawan@united-trainingdevelopment.com
";;
Negotiation Skill For Procrument;2 Hari;8 Jam;11-Feb-25;12-Feb-25; IDR  4.000.000 ; IDR  6.000.000 ;Yes;Yes;Jakarta/Bandung/Yoyakarta;Gunawan;082122836526;"gunawan@united-trainingdevelopment.com
";;
Advance Writting Policy And Procedure ( SOP ) ;2 Hari;8 Jam;26-Jun-25;27-Jun-25; IDR  4.000.000 ; IDR  6.000.000 ;Yes;Yes;Jakarta/Bandung/Yoyakarta;Gunawan;082122836526;"gunawan@united-trainingdevelopment.com
";;
Accident Investigation;2 Hari;8 Jam;23-Jul-25;24-Jul-25; IDR  4.000.000 ; IDR  6.000.000 ;Yes;Yes;Jakarta/Bandung/Yoyakarta;Gunawan;082122836526;"gunawan@united-trainingdevelopment.com
";;
Risk Based Process Safety Management;2 Hari;8 Jam;13-Aug-25;14-Aug-25; IDR  4.000.000 ; IDR  6.000.000 ;Yes;Yes;Jakarta/Bandung/Yoyakarta;Gunawan;082122836526;"gunawan@united-trainingdevelopment.com
";;
Risk & Control Self Assessment;2 Hari;8 Jam;06-May-25;07-May-25; IDR  4.000.000 ; IDR  6.000.000 ;Yes;Yes;Jakarta/Bandung/Yoyakarta;Gunawan;082122836526;"gunawan@united-trainingdevelopment.com
";;
Strategic Planning & Transformational Leadership Skill;2 Hari;8 Jam;07-May-25;08-May-25; IDR  4.000.000 ; IDR  6.000.000 ;Yes;Yes;Jakarta/Bandung/Yoyakarta;Gunawan;082122836526;"gunawan@united-trainingdevelopment.com
";;
Practical Lean Problem Solving;2 Hari;8 Jam;04-Jun-25;05-Jun-25; IDR  4.000.000 ; IDR  6.000.000 ;Yes;Yes;Jakarta/Bandung/Yoyakarta;Gunawan;082122836526;"gunawan@united-trainingdevelopment.com
";;
Dissolved Gas Analysis;2 Hari;8 Jam;27-May-25;28-May-25; IDR  4.000.000 ; IDR  6.000.000 ;Yes;Yes;Jakarta/Bandung/Yoyakarta;Gunawan;082122836526;"gunawan@united-trainingdevelopment.com
";;
Roller Bearing & Lubrication Analysys;2 Hari;8 Jam;22-Jun-25;23-Jun-25; IDR  4.000.000 ; IDR  6.000.000 ;Yes;Yes;Jakarta/Bandung/Yoyakarta;Gunawan;082122836526;"gunawan@united-trainingdevelopment.com
";;
Management Overhaul;3 Hari;9 Jam;28-Jun-24;29-Jun-24; IDR  4.000.001 ; IDR  6.000.001 ;Yes;Yes;Jakarta/Bandung/Yoyakarta;Gunawan;082122836526;"gunawan@united-trainingdevelopment.com
";;
Internal Auditor IATF;2 Hari;10 Jam;25-Jun-25;26-Jun-25; IDR  4.000.000 ; IDR  6.000.000 ;Yes;Yes;Jakarta/Bandung/Yoyakarta;Gunawan;082122836526;"gunawan@united-trainingdevelopment.com
";;
Microsoft Excel For Basic;2 Hari;8 Jam;27-Jan-25;28-Jan-25; IDR  4.000.000 ; IDR  6.000.000 ;Yes;Yes;Jakarta/Bandung/Yoyakarta;Gunawan;082122836526;"gunawan@united-trainingdevelopment.com
";;
Microsoft Excel For Advance & Professional;2 Hari;8 Jam;15-Apr-25;16-Apr-25; IDR  4.000.000 ; IDR  6.000.000 ;Yes;Yes;Jakarta/Bandung/Yoyakarta;Gunawan;082122836526;"gunawan@united-trainingdevelopment.com
";;
Effective Corporate Social Responsibility;2 Hari;8 Jam;14-Apr-25;15-Apr-25; IDR  4.000.000 ; IDR  6.000.000 ;Yes;Yes;Jakarta/Bandung/Yoyakarta;Gunawan;082122836526;"gunawan@united-trainingdevelopment.com
";;
Communication Management & Managerial Skill;2 Hari;8 Jam;18-Jun-25;19-Jun-25; IDR  4.000.000 ; IDR  6.000.000 ;Yes;Yes;Jakarta/Bandung/Yoyakarta;Gunawan;082122836526;"gunawan@united-trainingdevelopment.com
";;
Train & Trainer;2 Hari;8 Jam;10-Jul-25;11-Jul-25; IDR  4.000.000 ; IDR  6.000.000 ;Yes;Yes;Jakarta/Bandung/Yoyakarta;Gunawan;082122836526;"gunawan@united-trainingdevelopment.com
";;
Customer Service Oriantation;2 Hari;8 Jam;22-Jul-25;23-Jul-25; IDR  4.000.000 ; IDR  6.000.000 ;Yes;Yes;Jakarta/Bandung/Yoyakarta;Gunawan;082122836526;"gunawan@united-trainingdevelopment.com
";;
Marketing Management;2 Hari;8 Jam;27-Jan-25;28-Jan-25; IDR  4.000.000 ; IDR  6.000.000 ;Yes;Yes;Jakarta/Bandung/Yoyakarta;Gunawan;082122836526;"gunawan@united-trainingdevelopment.com
";;
Material Safety Data Sheet ( MSDS );2 Hari;8 Jam;10-Feb-25;11-Feb-25; IDR  4.000.000 ; IDR  6.000.000 ;Yes;Yes;Jakarta/Bandung/Yoyakarta;Gunawan;082122836526;"gunawan@united-trainingdevelopment.com
";;
Advanced Wastewater Treatmnet Plant;2 Hari;8 Jam;12-Feb-25;13-Feb-25; IDR  4.000.000 ; IDR  6.000.000 ;Yes;Yes;Jakarta/Bandung/Yoyakarta;Gunawan;082122836526;"gunawan@united-trainingdevelopment.com
";;
Good Corporate Governance (GCG) Implementation;2 Hari;8 Jam;18-Feb-25;19-Feb-25; IDR  4.000.000 ; IDR  6.000.000 ;Yes;Yes;Jakarta/Bandung/Yoyakarta;Gunawan;082122836526;"gunawan@united-trainingdevelopment.com
";;
Ware House Management;2 Hari;8 Jam;05-Mar-25;06-Mar-25; IDR  4.000.000 ; IDR  6.000.000 ;Yes;Yes;Jakarta/Bandung/Yoyakarta;Gunawan;082122836526;"gunawan@united-trainingdevelopment.com
";;
Engine Lubrication System;2 Hari;8 Jam;04-Mar-25;05-Mar-25; IDR  4.000.000 ; IDR  6.000.000 ;Yes;Yes;Jakarta/Bandung/Yoyakarta;Gunawan;082122836526;"gunawan@united-trainingdevelopment.com
";;
Managing Quality Control & Quality Assurance;2 Hari;8 Jam;21-Oct-25;22-Oct-25; IDR  4.000.000 ; IDR  6.000.000 ;Yes;Yes;Jakarta/Bandung/Yoyakarta;Gunawan;082122836526;"gunawan@united-trainingdevelopment.com
";;
Creative Reporting Using Excel,Word & Power Point;2 Hari;8 Jam;14-Apr-25;15-Apr-25; IDR  4.000.000 ; IDR  6.000.000 ;Yes;Yes;Jakarta/Bandung/Yoyakarta;Gunawan;082122836526;"gunawan@united-trainingdevelopment.com
";;
Logic & Digital Control System;2 Hari;8 Jam;07-Mar-25;08-Mar-25; IDR  4.000.000 ; IDR  6.000.000 ;Yes;Yes;Jakarta/Bandung/Yoyakarta;Gunawan;082122836526;"gunawan@united-trainingdevelopment.com
";;
Audit Sistem Informasi Berbasis COBIT;2 Hari;8 Jam;21-Mar-25;22-Mar-25; IDR  4.000.000 ; IDR  6.000.000 ;Yes;Yes;Jakarta/Bandung/Yoyakarta;Gunawan;082122836526;"gunawan@united-trainingdevelopment.com
";;
Corrosion Enginering For Non Enginer;2 Hari;8 Jam;26-Feb-25;27-Feb-25; IDR  4.000.000 ; IDR  6.000.000 ;Yes;Yes;Jakarta/Bandung/Yoyakarta;Gunawan;082122836526;"gunawan@united-trainingdevelopment.com
";;
Total Productive Maintenance;2 Hari;8 Jam;11-Feb-25;12-Feb-25; IDR  4.000.000 ; IDR  6.000.000 ;Yes;Yes;Jakarta/Bandung/Yoyakarta;Gunawan;082122836526;"gunawan@united-trainingdevelopment.com
";;
Lean Production System;2 Hari;8 Jam;18-Feb-25;19-Feb-25; IDR  4.000.000 ; IDR  6.000.000 ;Yes;Yes;Jakarta/Bandung/Yoyakarta;Gunawan;082122836526;"gunawan@united-trainingdevelopment.com
";;
Ware House Barcode Management;2 Hari;8 Jam;21-Jan-25;22-Jan-25; IDR  4.000.000 ; IDR  6.000.000 ;Yes;Yes;Jakarta/Bandung/Yoyakarta;Gunawan;082122836526;"gunawan@united-trainingdevelopment.com
";;
Project Procrument Management;2 Hari;8 Jam;15-Jan-25;16-Jan-25; IDR  4.000.000 ; IDR  6.000.000 ;Yes;Yes;Jakarta/Bandung/Yoyakarta;Gunawan;082122836526;"gunawan@united-trainingdevelopment.com
";;
Warehouse And Inventory Management;2 Hari;8 Jam;29-Jan-25;30-Jan-25; IDR  4.000.000 ; IDR  6.000.000 ;Yes;Yes;Jakarta/Bandung/Yoyakarta;Gunawan;082122836526;"gunawan@united-trainingdevelopment.com
";;
Strategi Implementasi Project Management Office (PMO);2 Hari;8 Jam;22-Jan-25;23-Jan-25; IDR  4.000.000 ; IDR  6.000.000 ;Yes;Yes;Jakarta/Bandung/Yoyakarta;Gunawan;082122836526;"gunawan@united-trainingdevelopment.com
";;
Strategic Tender Management;2 Hari;8 Jam;05-May-25;06-May-25; IDR  4.000.000 ; IDR  6.000.000 ;Yes;Yes;Jakarta/Bandung/Yoyakarta;Gunawan;082122836526;"gunawan@united-trainingdevelopment.com
";;
Procurement Management In Project;2 Hari;8 Jam;13-May-25;14-May-25; IDR  4.000.000 ; IDR  6.000.000 ;Yes;Yes;Jakarta/Bandung/Yoyakarta;Gunawan;082122836526;"gunawan@united-trainingdevelopment.com
";;
Project Cost Management;2 Hari;8 Jam;20-May-25;21-May-25; IDR  4.000.000 ; IDR  6.000.000 ;Yes;Yes;Jakarta/Bandung/Yoyakarta;Gunawan;082122836526;"gunawan@united-trainingdevelopment.com
";;
Finance For Non Finance;2 Hari;8 Jam;12-May-25;13-May-25; IDR  4.000.000 ; IDR  6.000.000 ;Yes;Yes;Jakarta/Bandung/Yoyakarta;Gunawan;082122836526;"gunawan@united-trainingdevelopment.com
";;
Total Quality Management;2 Hari;8 Jam;24-Apr-25;25-Apr-25; IDR  4.000.000 ; IDR  6.000.000 ;Yes;Yes;Jakarta/Bandung/Yoyakarta;Gunawan;082122836526;"gunawan@united-trainingdevelopment.com
";;
Basic Inteligence For Security;2 Hari;8 Jam;22-Apr-25;23-Apr-25; IDR  4.000.000 ; IDR  6.000.000 ;Yes;Yes;Jakarta/Bandung/Yoyakarta;Gunawan;082122836526;"gunawan@united-trainingdevelopment.com
";;
Custamer Excelence For Security;2 Hari;8 Jam;16-Apr-25;17-Apr-25; IDR  4.000.000 ; IDR  6.000.000 ;Yes;Yes;Jakarta/Bandung/Yoyakarta;Gunawan;082122836526;"gunawan@united-trainingdevelopment.com
";;
Anti Fraund Awareness;2 Hari;8 Jam;08-Jul-25;09-Jul-25; IDR  4.000.000 ; IDR  6.000.000 ;Yes;Yes;Jakarta/Bandung/Yoyakarta;Gunawan;082122836526;"gunawan@united-trainingdevelopment.com
";;
FMEA & RCFA;2 Hari;8 Jam;15-May-25;16-May-25; IDR  4.000.000 ; IDR  6.000.000 ;Yes;Yes;Jakarta/Bandung/Yoyakarta;Gunawan;082122836526;"gunawan@united-trainingdevelopment.com
";;
Mengadapi Masa Pensiun;2 Hari;8 Jam;16-Jun-25;17-Jun-25; IDR  4.000.000 ; IDR  6.000.000 ;Yes;Yes;Jakarta/Bandung/Yoyakarta;Gunawan;082122836526;"gunawan@united-trainingdevelopment.com
";;
Base Recruitment & Selection;2 Hari;8 Jam;28-Apr-25;29-Apr-25; IDR  4.000.000 ; IDR  6.000.000 ;Yes;Yes;Jakarta/Bandung/Yoyakarta;Gunawan;082122836526;"gunawan@united-trainingdevelopment.com
";;
Cash Flow & Treasury Managemen;2 Hari;8 Jam;25-Aug-25;26-Aug-25; IDR  4.000.000 ; IDR  6.000.000 ;Yes;Yes;Jakarta/Bandung/Yoyakarta;Gunawan;082122836526;"gunawan@united-trainingdevelopment.com
";;
Building Management And Maintenance;2 Hari;8 Jam;25-Aug-25;26-Aug-25; IDR  4.000.000 ; IDR  6.000.000 ;Yes;Yes;Jakarta/Bandung/Yoyakarta;Gunawan;082122836526;"gunawan@united-trainingdevelopment.com
";;
Modern Office Management & Filling System;2 Hari;8 Jam;25-Aug-25;26-Aug-25; IDR  4.000.000 ; IDR  6.000.000 ;Yes;Yes;Jakarta/Bandung/Yoyakarta;Gunawan;082122836526;"gunawan@united-trainingdevelopment.com
";;
Life Cycle Asseement;2 Hari;8 Jam;23-Jan-25;24-Jan-25; IDR  4.000.000 ; IDR  6.000.000 ;Yes;Yes;Jakarta/Bandung/Yoyakarta;Gunawan;082122836526;"gunawan@united-trainingdevelopment.com
";;
ISO 9001:2015;2 Hari;8 Jam;10-Feb-25;11-Feb-25; IDR  4.000.000 ; IDR  6.000.000 ;Yes;Yes;Jakarta/Bandung/Yoyakarta;Gunawan;082122836526;"gunawan@united-trainingdevelopment.com
";;
Indentifikasi Bahaya,Penilaian&Pegendalian Resiko;2 Hari;8 Jam;11-Feb-25;12-Feb-25; IDR  4.000.000 ; IDR  6.000.000 ;Yes;Yes;Jakarta/Bandung/Yoyakarta;Gunawan;082122836526;"gunawan@united-trainingdevelopment.com
";;
Layer Of Protection Analysys;2 Hari;8 Jam;28-Apr-25;29-Apr-25; IDR  4.000.000 ; IDR  6.000.000 ;Yes;Yes;Jakarta/Bandung/Yoyakarta;Gunawan;082122836526;"gunawan@united-trainingdevelopment.com
";;
Management Pengadaan Barang & Jasa;2 Hari;8 Jam;23-Jan-25;26-Jan-25; IDR  4.000.000 ; IDR  6.000.000 ;Yes;Yes;Jakarta/Bandung/Yoyakarta;Gunawan;082122836526;"gunawan@united-trainingdevelopment.com
";;
Good Corporate Governance (GCG) Implementation;2 Hari;8 Jam;12-May-25;13-May-25; IDR  4.000.000 ; IDR  6.000.000 ;Yes;Yes;Jakarta/Bandung/Yoyakarta;Gunawan;082122836526;"gunawan@united-trainingdevelopment.com
";;
File Management & Database System;2 Hari;8 Jam;12-May-25;13-May-25; IDR  4.000.000 ; IDR  6.000.000 ;Yes;Yes;Jakarta/Bandung/Yoyakarta;Gunawan;082122836526;"gunawan@united-trainingdevelopment.com
";;
IT Risk Management;2 Hari;8 Jam;07-Apr-25;08-Apr-25; IDR  4.000.000 ; IDR  6.000.000 ;Yes;Yes;Jakarta/Bandung/Yoyakarta;Gunawan;082122836526;"gunawan@united-trainingdevelopment.com
";;
Network & System Administration;2 Hari;8 Jam;16-Jan-25;17-Jan-25; IDR  4.000.000 ; IDR  6.000.000 ;Yes;Yes;Jakarta/Bandung/Yoyakarta;Gunawan;082122836526;"gunawan@united-trainingdevelopment.com
";;
RCM Principle & Implementation;2 Hari;8 Jam;16-Apr-25;17-Apr-25; IDR  4.000.000 ; IDR  6.000.000 ;Yes;Yes;Jakarta/Bandung/Yoyakarta;Gunawan;082122836526;"gunawan@united-trainingdevelopment.com
";;
Balancing Rotating Machinery;2 Hari;8 Jam;18-Feb-25;19-Feb-25; IDR  4.000.000 ; IDR  6.000.000 ;Yes;Yes;Jakarta/Bandung/Yoyakarta;Gunawan;082122836526;"gunawan@united-trainingdevelopment.com
";;
Partial Discharge;2 Hari;8 Jam;16-Jun-25;17-Jun-25; IDR  4.000.000 ; IDR  6.000.000 ;Yes;Yes;Jakarta/Bandung/Yoyakarta;Gunawan;082122836526;"gunawan@united-trainingdevelopment.com
";;
Management Mutu;2 Hari;8 Jam;16-Jun-25;17-Jun-25; IDR  4.000.000 ; IDR  6.000.000 ;Yes;Yes;Jakarta/Bandung/Yoyakarta;Gunawan;082122836526;"gunawan@united-trainingdevelopment.com
";;
Analisa Beban Kerja;2 Hari;8 Jam;16-Apr-25;17-Apr-25; IDR  4.000.000 ; IDR  6.000.000 ;Yes;Yes;Jakarta/Bandung/Yoyakarta;Gunawan;082122836526;"gunawan@united-trainingdevelopment.com
";;
Strategic Vendor Management;2 Hari;8 Jam;08-Jul-25;09-Jul-25; IDR  4.000.000 ; IDR  6.000.000 ;Yes;Yes;Jakarta/Bandung/Yoyakarta;Gunawan;082122836526;"gunawan@united-trainingdevelopment.com
";;
Manajemen CSR Dan COMDEV;2 Hari;8 Jam;16-Jun-25;17-Jun-25; IDR  4.000.000 ; IDR  6.000.000 ;Yes;Yes;Jakarta/Bandung/Yoyakarta;Gunawan;082122836526;"gunawan@united-trainingdevelopment.com
";;
Payroll Administration System;2 Hari;8 Jam;13-Aug-25;14-ags-2025; IDR  4.000.000 ; IDR  6.000.000 ;Yes;Yes;Jakarta/Bandung/Yoyakarta;Gunawan;082122836526;"gunawan@united-trainingdevelopment.com
";;
Laporan Logistic;2 Hari;8 Jam;07-Apr-25;08-Apr-25; IDR  4.000.000 ; IDR  6.000.000 ;Yes;Yes;Jakarta/Bandung/Yoyakarta;Gunawan;082122836526;"gunawan@united-trainingdevelopment.com
";;
Poka Yoke;2 Hari;8 Jam;28-Apr-25;29-Apr-25; IDR  4.000.000 ; IDR  6.000.000 ;Yes;Yes;Jakarta/Bandung/Yoyakarta;Gunawan;082122836526;"gunawan@united-trainingdevelopment.com
";;
Management 5S / 5R;2 Hari;8 Jam;10-Feb-25;11-Feb-25; IDR  4.000.000 ; IDR  6.000.000 ;Yes;Yes;Jakarta/Bandung/Yoyakarta;Gunawan;082122836526;"gunawan@united-trainingdevelopment.com
";;
Penaganan Limbah B3 / Non B3;2 Hari;8 Jam;19-Feb-25;20-Feb-25; IDR  4.000.000 ; IDR  6.000.000 ;Yes;Yes;Jakarta/Bandung/Yoyakarta;Gunawan;082122836526;"gunawan@united-trainingdevelopment.com
";;
Effective Time Management;2 Hari;8 Jam;07-Mar-25;08-Mar-25; IDR  4.000.000 ; IDR  6.000.000 ;Yes;Yes;Jakarta/Bandung/Yoyakarta;Gunawan;082122836526;"gunawan@united-trainingdevelopment.com
";;
Pubblic Speaking For Leader;2 Hari;8 Jam;11-Sep-25;12-Sep-25; IDR  4.000.000 ; IDR  6.000.000 ;Yes;Yes;Jakarta/Bandung/Yoyakarta;Gunawan;082122836526;"gunawan@united-trainingdevelopment.com
";;
Boiler Efficiency Calculation( ASME PTC 4.1);2 Hari;8 Jam;10-Jul-25;11-Jul-25; IDR  4.000.000 ; IDR  6.000.000 ;Yes;Yes;Jakarta/Bandung/Yoyakarta;Gunawan;082122836526;"gunawan@united-trainingdevelopment.com
";;
Building Leadership;2 Hari;8 Jam;10-Jul-25;11-Jul-25; IDR  4.000.000 ; IDR  6.000.000 ;Yes;Yes;Jakarta/Bandung/Yoyakarta;Gunawan;082122836526;"gunawan@united-trainingdevelopment.com
";;
Marketing Management;2 Hari;8 Jam;07-Mar-25;08-Mar-25; IDR  4.000.000 ; IDR  6.000.000 ;Yes;Yes;Jakarta/Bandung/Yoyakarta;Gunawan;082122836526;"gunawan@united-trainingdevelopment.com
";;
Sales Pipeline Management Sys;2 Hari;8 Jam;09-Jan-25;10-Jan-25; IDR  4.000.000 ; IDR  6.000.000 ;Yes;Yes;Jakarta/Bandung/Yoyakarta;Gunawan;082122836526;"gunawan@united-trainingdevelopment.com
";;
Effective Logistic Management;2 Hari;8 Jam;20-Jan-25;21-Jan-25; IDR  4.000.000 ; IDR  6.000.000 ;Yes;Yes;Jakarta/Bandung/Yoyakarta;Gunawan;082122836526;"gunawan@united-trainingdevelopment.com
";;
Effective Training Managemen;2 Hari;8 Jam;23-Jan-25;24-Jan-25; IDR  4.000.000 ; IDR  6.000.000 ;Yes;Yes;Jakarta/Bandung/Yoyakarta;Gunawan;082122836526;"gunawan@united-trainingdevelopment.com
";;
Rekonsiliasi & Ekualisasi Pengisian SPT PPh Badan;2 Hari;8 Jam;16-Jun-25;17-Jun-25; IDR  4.000.000 ; IDR  6.000.000 ;Yes;Yes;Jakarta/Bandung/Yoyakarta;Gunawan;082122836526;"gunawan@united-trainingdevelopment.com
";;
Customer Relationship Management (CRM);2 Hari;8 Jam;30-Jan-25;31-Jan-25; IDR  4.000.000 ; IDR  6.000.000 ;Yes;Yes;Jakarta/Bandung/Yoyakarta;Gunawan;082122836526;"gunawan@united-trainingdevelopment.com
";;
Filling System And Documentation;2 Hari;8 Jam;04-Feb-25;05-Feb-25; IDR  4.000.000 ; IDR  6.000.000 ;Yes;Yes;Jakarta/Bandung/Yoyakarta;Gunawan;082122836526;"gunawan@united-trainingdevelopment.com
";;
KPI For Employee Performance Management;2 Hari;8 Jam;13-Feb-25;14-Feb-25; IDR  4.000.000 ; IDR  6.000.000 ;Yes;Yes;Jakarta/Bandung/Yoyakarta;Gunawan;082122836526;"gunawan@united-trainingdevelopment.com
";;
Hukum Pertanahan;2 Hari;8 Jam;16-Apr-25;17-Apr-25; IDR  4.000.000 ; IDR  6.000.000 ;Yes;Yes;Jakarta/Bandung/Yoyakarta;Gunawan;082122836526;"gunawan@united-trainingdevelopment.com
";;
Hukum Ketenagakerjaan & Hubungan Indusrtrial;2 Hari;8 Jam;21-Apr-25;22-Apr-25; IDR  4.000.000 ; IDR  6.000.000 ;Yes;Yes;Jakarta/Bandung/Yoyakarta;Gunawan;082122836526;"gunawan@united-trainingdevelopment.com
";;
HR Management Development Program;2 Hari;8 Jam;24-Apr-25;25-Apr-25; IDR  4.000.000 ; IDR  6.000.000 ;Yes;Yes;Jakarta/Bandung/Yoyakarta;Gunawan;082122836526;"gunawan@united-trainingdevelopment.com
";;
General Affair Management;;8 Jam;27-May-25;28-May-25; IDR  4.000.000 ; IDR  6.000.000 ;Yes;Yes;Jakarta/Bandung/Yoyakarta;Gunawan;082122836526;"gunawan@united-trainingdevelopment.com
";;
E-Filling System Soft And Hard Document With Excel & VBA For Management;;8 Jam;15-May-25;16-May-25; IDR  4.000.000 ; IDR  6.000.000 ;Yes;Yes;Jakarta/Bandung/Yoyakarta;Gunawan;082122836526;"gunawan@united-trainingdevelopment.com
";;
Best Practices Implementation Of Payroll Administration System With Using Excel;;8 Jam;20-May-25;21-May-25; IDR  4.000.000 ; IDR  6.000.000 ;Yes;Yes;Jakarta/Bandung/Yoyakarta;Gunawan;082122836526;"gunawan@united-trainingdevelopment.com
";;
Scheduling & Controlling Project Using Primavera (P6);2 Hari;8 Jam;10-Jun-25;11-Jun-25; IDR  4.000.000 ; IDR  6.000.000 ;Yes;Yes;Jakarta/Bandung/Yoyakarta;Gunawan;082122836526;"gunawan@united-trainingdevelopment.com
";;
Selling Skills With NLP;2 Hari;8 Jam;17-Jun-25;18-Jun-25; IDR  4.000.000 ; IDR  6.000.000 ;Yes;Yes;Jakarta/Bandung/Yoyakarta;Gunawan;082122836526;"gunawan@united-trainingdevelopment.com
";;
Performance Appraisal & Management;2 Hari;8 Jam;19-Jun-25;20-Jun-25; IDR  4.000.000 ; IDR  6.000.000 ;Yes;Yes;Jakarta/Bandung/Yoyakarta;Gunawan;082122836526;"gunawan@united-trainingdevelopment.com
";;
Total Cost Reduction (TCR);2 Hari;8 Jam;25-Jun-25;26-Jun-25; IDR  4.000.000 ; IDR  6.000.000 ;Yes;Yes;Jakarta/Bandung/Yoyakarta;Gunawan;082122836526;"gunawan@united-trainingdevelopment.com
";;
Advanced Leadership Di Era Vuca;2 Hari;8 Jam;06-Oct-25;07-101-2025; IDR  4.000.000 ; IDR  6.000.000 ;Yes;Yes;Jakarta/Bandung/Yoyakarta;Gunawan;082122836526;"gunawan@united-trainingdevelopment.com
";;
Leadership For Supervisor & Manager;2 Hari;8 Jam;09-Oct-25;10-101-2025; IDR  4.000.000 ; IDR  6.000.000 ;Yes;Yes;Jakarta/Bandung/Yoyakarta;Gunawan;082122836526;"gunawan@united-trainingdevelopment.com
";;
Effective Corporate Social Responsibility;2 Hari;8 Jam;20-Oct-25;21-Oct-25; IDR  4.000.000 ; IDR  6.000.000 ;Yes;Yes;Jakarta/Bandung/Yoyakarta;Gunawan;082122836526;"gunawan@united-trainingdevelopment.com
";;
Procurement Management In Projec;2 Hari;8 Jam;05-Nov-25;06-Nov-25; IDR  4.000.000 ; IDR  6.000.000 ;Yes;Yes;Jakarta/Bandung/Yoyakarta;Gunawan;082122836526;"gunawan@united-trainingdevelopment.com
";;
IT Project Management;2 Hari;8 Jam;11-Nov-25;12-Nov-25; IDR  4.000.000 ; IDR  6.000.000 ;Yes;Yes;Jakarta/Bandung/Yoyakarta;Gunawan;082122836526;"gunawan@united-trainingdevelopment.com
";;
Strategi Implementasi Project Management Office (PMO);2 Hari;8 Jam;18-Nov-25;19-Nov-25; IDR  4.000.000 ; IDR  6.000.000 ;Yes;Yes;Jakarta/Bandung/Yoyakarta;Gunawan;082122836526;"gunawan@united-trainingdevelopment.com
";;
Project Management Professional ( Exam Preparation PMP /CPAM );2 Hari;8 Jam;20-Nov-25;21-Nov-25; IDR  4.000.000 ; IDR  6.000.000 ;Yes;Yes;Jakarta/Bandung/Yoyakarta;Gunawan;082122836526;"gunawan@united-trainingdevelopment.com
";;
Contract Drafting And Contract Management;2 Hari;8 Jam;27-Nov-25;28-Nov-25; IDR  4.000.000 ; IDR  6.000.000 ;Yes;Yes;Jakarta/Bandung/Yoyakarta;Gunawan;082122836526;"gunawan@united-trainingdevelopment.com
";;
Performance Appraisal & Management;2 Hari;8 Jam;09-Dec-25;10-Dec-25; IDR  4.000.000 ; IDR  6.000.000 ;Yes;Yes;Jakarta/Bandung/Yoyakarta;Gunawan;082122836526;"gunawan@united-trainingdevelopment.com
";;
Effective Business And Plan Budgeting;2 Hari;8 Jam;15-Dec-25;16-Dec-25; IDR  4.000.000 ; IDR  6.000.000 ;Yes;Yes;Jakarta/Bandung/Yoyakarta;Gunawan;082122836526;"gunawan@united-trainingdevelopment.com
";;
Basic Risk Management;2 Hari;8 Jam;22-Dec-25;23-Dec-25; IDR  4.000.000 ; IDR  6.000.000 ;Yes;Yes;Jakarta/Bandung/Yoyakarta;Gunawan;082122836526;"gunawan@united-trainingdevelopment.com
";;
Personal Development Attitude Excellent For High Performance;2 Hari;8 Jam;03-Dec-25;04-Dec-25; IDR  4.000.000 ; IDR  6.000.000 ;Yes;Yes;Jakarta/Bandung/Yoyakarta;Gunawan;082122836526;"gunawan@united-trainingdevelopment.com
";;
Professional Receptionist And Operator;2 Hari;8 Jam;26-Aug-25;27-Aug-25; IDR  4.000.000 ; IDR  6.000.000 ;Yes;Yes;Jakarta/Bandung/Yoyakarta;Gunawan;082122836526;"gunawan@united-trainingdevelopment.com
";;
Effective Training Management;2 Hari;8 Jam;08-Sep-25;09-Sep-25; IDR  4.000.000 ; IDR  6.000.000 ;Yes;Yes;Jakarta/Bandung/Yoyakarta;Gunawan;082122836526;"gunawan@united-trainingdevelopment.com
";;
Strategic Sales And Marketing;2 Hari;8 Jam;15-Sep-25;16-Sep-25; IDR  4.000.000 ; IDR  6.000.000 ;Yes;Yes;Jakarta/Bandung/Yoyakarta;Gunawan;082122836526;"gunawan@united-trainingdevelopment.com
";;
Talent Management;2 Hari;8 Jam;25-Sep-25;26-Sep-25; IDR  4.000.000 ; IDR  6.000.000 ;Yes;Yes;Jakarta/Bandung/Yoyakarta;Gunawan;082122836526;"gunawan@united-trainingdevelopment.com
";;
The Filing System ( Kearsipan );2 Hari;8 Jam;21-Aug-25;22-Aug-25; IDR  4.000.000 ; IDR  6.000.000 ;Yes;Yes;Jakarta/Bandung/Yoyakarta;Gunawan;082122836526;"gunawan@united-trainingdevelopment.com
";;
Strategic Tender Management;2 Hari;8 Jam;14-Aug-25;15-Aug-25; IDR  4.000.000 ; IDR  6.000.000 ;Yes;Yes;Jakarta/Bandung/Yoyakarta;Gunawan;082122836526;"gunawan@united-trainingdevelopment.com
";;
Public Speaking And Presentation Skil;2 Hari;8 Jam;11-Aug-25;12-Aug-25; IDR  4.000.000 ; IDR  6.000.000 ;Yes;Yes;Jakarta/Bandung/Yoyakarta;Gunawan;082122836526;"gunawan@united-trainingdevelopment.com
";;
Legal Drafting & Writing;2 Hari;8 Jam;06-Jul-25;07-Jul-25; IDR  4.000.000 ; IDR  6.000.000 ;Yes;Yes;Jakarta/Bandung/Yoyakarta;Gunawan;082122836526;"gunawan@united-trainingdevelopment.com
";;
Legal Audit And Legal Opinion;2 Hari;8 Jam;24-Jul-25;25-Jul-25; IDR  4.000.000 ; IDR  6.000.000 ;Yes;Yes;Jakarta/Bandung/Yoyakarta;Gunawan;082122836526;"gunawan@united-trainingdevelopment.com
";;
Corporate Law;2 Hari;8 Jam;22-Jul-25;23-Jul-25; IDR  4.000.000 ; IDR  6.000.000 ;Yes;Yes;Jakarta/Bandung/Yoyakarta;Gunawan;082122836526;"gunawan@united-trainingdevelopment.com
";;
Teknik Penyusunan Standard Operating Procedure;2 Hari;8 Jam;09-Jul-25;10-Jul-25; IDR  4.000.000 ; IDR  6.000.000 ;Yes;Yes;Jakarta/Bandung/Yoyakarta;Gunawan;082122836526;"gunawan@united-trainingdevelopment.com
";;
Strategic Supply Chain Management;2 Hari;8 Jam;04-Jul-25;05-Jul-25; IDR  4.000.000 ; IDR  6.000.000 ;Yes;Yes;Jakarta/Bandung/Yoyakarta;Gunawan;082122836526;"gunawan@united-trainingdevelopment.com
";;
Finance & Accounting For Non Finance;2 Hari;8 Jam;27-May-25;28-May-25; IDR  4.000.000 ; IDR  6.000.000 ;Yes;Yes;Jakarta/Bandung/Yoyakarta;Gunawan;082122836526;"gunawan@united-trainingdevelopment.com
";;
IT Project Management;2 Hari;2 Hari;16-Jun-25;17-Jun-25; IDR  4.000.000 ; IDR  6.000.000 ;Yes;Yes;Jakarta/Bandung/Yoyakarta;Gunawan;082122836526;"gunawan@united-trainingdevelopment.com
";;
Retail Management;2 Hari;2 Hari;16-Jun-25;17-Jun-25; IDR  4.000.000 ; IDR  6.000.000 ;Yes;Yes;Jakarta/Bandung/Yoyakarta;Gunawan;082122836526;"gunawan@united-trainingdevelopment.com
";;
;;;;;;;;;;;;;;
;;;;;;;;;;;;;;
;;;;;;;;;;;;;;
;;;;;;;;;;;;;;
;;;;;;;;;;;;;;
;;;;;;;;;;;;;;
;;;;;;;;;;;;;;
;;;;;;;;;;;;;;
;;;;;;;;;;;;;;
;;;;;;;;;;;;;;
;;;;;;;;;;;;;;
;;;;;;;;;;;;;;
;;;;;;;;;;;;;;
;;;;;;;;;;;;;;
;;;;;;;;;;;;;;
;;;;;;;;;;;;;;
;;;;;;;;;;;;;;
;;;;;;;;;;;;;;
;;;;;;;;;;;;;;
;;;;;;;;;;;;;;
;;;;;;;;;;;;;;
;;;;;;;;;;;;;;
;;;;;;;;;;;;;;
;;;;;;;;;;;;;;
;;;;;;;;;;;;;;
;;;;;;;;;;;;;;
;;;;;;;;;;;;;;
;;;;;;;;;;;;;;
;;;;;;;;;;;;;;
;;;;;;;;;;;;;;
;;;;;;;;;;;;;;
;;;;;;;;;;;;;;
;;;;;;;;;;;;;;
;;;;;;;;;;;;;;
;;;;;;;;;;;;;;
;;;;;;;;;;;;;;
;;;;;;;;;;;;;;
;;;;;;;;;;;;;;
;;;;;;;;;;;;;;
;;;;;;;;;;;;;;
;;;;;;;;;;;;;;
;;;;;;;;;;;;;;
;;;;;;;;;;;;;;
;;;;;;;;;;;;;;
;;;;;;;;;;;;;;
;;;;;;;;;;;;;;
;;;;;;;;;;;;;;
;;;;;;;;;;;;;;
;;;;;;;;;;;;;;
;;;;;;;;;;;;;;
;;;;;;;;;;;;;;
;;;;;;;;;;;;;;
;;;;;;;;;;;;;;
;;;;;;;;;;;;;;
;;;;;;;;;;;;;;
;;;;;;;;;;;;;;
;;;;;;;;;;;;;;
;;;;;;;;;;;;;;
;;;;;;;;;;;;;;
;;;;;;;;;;;;;;
;;;;;;;;;;;;;;
;;;;;;;;;;;;;;
;;;;;;;;;;;;;;
;;;;;;;;;;;;;;
;;;;;;;;;;;;;;
;;;;;;;;;;;;;;
;;;;;;;;;;;;;;
;;;;;;;;;;;;;;
;;;;;;;;;;;;;;
;;;;;;;;;;;;;;
;;;;;;;;;;;;;;
;;;;;;;;;;;;;;
;;;;;;;;;;;;;;
;;;;;;;;;;;;;;
;;;;;;;;;;;;;;
;;;;;;;;;;;;;;
;;;;;;;;;;;;;;
;;;;;;;;;;;;;;
;;;;;;;;;;;;;;
;;;;;;;;;;;;;;
;;;;;;;;;;;;;;
;;;;;;;;;;;;;;
;;;;;;;;;;;;;;
;;;;;;;;;;;;;;
;;;;;;;;;;;;;;
;;;;;;;;;;;;;;
;;;;;;;;;;;;;;
;;;;;;;;;;;;;;
;;;;;;;;;;;;;;
;;;;;;;;;;;;;;
;;;;;;;;;;;;;;
;;;;;;;;;;;;;;
;;;;;;;;;;;;;;
;;;;;;;;;;;;;;
;;;;;;;;;;;;;;
;;;;;;;;;;;;;;
;;;;;;;;;;;;;;
;;;;;;;;;;;;;;
;;;;;;;;;;;;;;
;;;;;;;;;;;;;;
;;;;;;;;;;;;;;
;;;;;;;;;;;;;;
;;;;;;;;;;;;;;
;;;;;;;;;;;;;;
;;;;;;;;;;;;;;
;;;;;;;;;;;;;;
;;;;;;;;;;;;;;
;;;;;;;;;;;;;;
;;;;;;;;;;;;;;
;;;;;;;;;;;;;;
;;;;;;;;;;;;;;
;;;;;;;;;;;;;;
;;;;;;;;;;;;;;
;;;;;;;;;;;;;;
;;;;;;;;;;;;;;
;;;;;;;;;;;;;;
;;;;;;;;;;;;;;
;;;;;;;;;;;;;;
;;;;;;;;;;;;;;
;;;;;;;;;;;;;;
;;;;;;;;;;;;;;
;;;;;;;;;;;;;;
;;;;;;;;;;;;;;
;;;;;;;;;;;;;;
;;;;;;;;;;;;;;
;;;;;;;;;;;;;;
;;;;;;;;;;;;;;
;;;;;;;;;;;;;;
;;;;;;;;;;;;;;
;;;;;;;;;;;;;;
;;;;;;;;;;;;;;
;;;;;;;;;;;;;;
;;;;;;;;;;;;;;
;;;;;;;;;;;;;;
;;;;;;;;;;;;;;
;;;;;;;;;;;;;;
;;;;;;;;;;;;;;
;;;;;;;;;;;;;;
;;;;;;;;;;;;;;
;;;;;;;;;;;;;;
;;;;;;;;;;;;;;
;;;;;;;;;;;;;;
;;;;;;;;;;;;;;
;;;;;;;;;;;;;;
;;;;;;;;;;;;;;
;;;;;;;;;;;;;;
;;;;;;;;;;;;;;
;;;;;;;;;;;;;;
;;;;;;;;;;;;;;
;;;;;;;;;;;;;;
;;;;;;;;;;;;;;
;;;;;;;;;;;;;;
;;;;;;;;;;;;;;
;;;;;;;;;;;;;;
;;;;;;;;;;;;;;
;;;;;;;;;;;;;;
;;;;;;;;;;;;;;
;;;;;;;;;;;;;;
;;;;;;;;;;;;;;
;;;;;;;;;;;;;;
;;;;;;;;;;;;;;
;;;;;;;;;;;;;;
;;;;;;;;;;;;;;
;;;;;;;;;;;;;;
;;;;;;;;;;;;;;
;;;;;;;;;;;;;;
;;;;;;;;;;;;;;
;;;;;;;;;;;;;;
;;;;;;;;;;;;;;
;;;;;;;;;;;;;;
;;;;;;;;;;;;;;
;;;;;;;;;;;;;;
;;;;;;;;;;;;;;
;;;;;;;;;;;;;;
;;;;;;;;;;;;;;
;;;;;;;;;;;;;;
;;;;;;;;;;;;;;
;;;;;;;;;;;;;;
;;;;;;;;;;;;;;
;;;;;;;;;;;;;;
;;;;;;;;;;;;;;
;;;;;;;;;;;;;;
;;;;;;;;;;;;;;
;;;;;;;;;;;;;;
;;;;;;;;;;;;;;
;;;;;;;;;;;;;;
;;;;;;;;;;;;;;
;;;;;;;;;;;;;;
;;;;;;;;;;;;;;
;;;;;;;;;;;;;;
;;;;;;;;;;;;;;
;;;;;;;;;;;;;;
;;;;;;;;;;;;;;
;;;;;;;;;;;;;;
;;;;;;;;;;;;;;
;;;;;;;;;;;;;;
;;;;;;;;;;;;;;
;;;;;;;;;;;;;;
;;;;;;;;;;;;;;
;;;;;;;;;;;;;;
;;;;;;;;;;;;;;
;;;;;;;;;;;;;;
;;;;;;;;;;;;;;
;;;;;;;;;;;;;;
;;;;;;;;;;;;;;
;;;;;;;;;;;;;;
;;;;;;;;;;;;;;
;;;;;;;;;;;;;;
;;;;;;;;;;;;;;
;;;;;;;;;;;;;;
;;;;;;;;;;;;;;
;;;;;;;;;;;;;;
;;;;;;;;;;;;;;
;;;;;;;;;;;;;;
;;;;;;;;;;;;;;
;;;;;;;;;;;;;;
;;;;;;;;;;;;;;
;;;;;;;;;;;;;;
;;;;;;;;;;;;;;
;;;;;;;;;;;;;;
;;;;;;;;;;;;;;
;;;;;;;;;;;;;;
;;;;;;;;;;;;;;
;;;;;;;;;;;;;;
;;;;;;;;;;;;;;
;;;;;;;;;;;;;;
;;;;;;;;;;;;;;
;;;;;;;;;;;;;;
;;;;;;;;;;;;;;
;;;;;;;;;;;;;;
;;;;;;;;;;;;;;
;;;;;;;;;;;;;;
;;;;;;;;;;;;;;
;;;;;;;;;;;;;;
;;;;;;;;;;;;;;
;;;;;;;;;;;;;;
;;;;;;;;;;;;;;
;;;;;;;;;;;;;;
;;;;;;;;;;;;;;
;;;;;;;;;;;;;;
;;;;;;;;;;;;;;
;;;;;;;;;;;;;;
;;;;;;;;;;;;;;
;;;;;;;;;;;;;;
;;;;;;;;;;;;;;
;;;;;;;;;;;;;;
;;;;;;;;;;;;;;
;;;;;;;;;;;;;;
;;;;;;;;;;;;;;
;;;;;;;;;;;;;;
;;;;;;;;;;;;;;
;;;;;;;;;;;;;;
;;;;;;;;;;;;;;
;;;;;;;;;;;;;;
;;;;;;;;;;;;;;
;;;;;;;;;;;;;;
;;;;;;;;;;;;;;
;;;;;;;;;;;;;;
;;;;;;;;;;;;;;
;;;;;;;;;;;;;;
;;;;;;;;;;;;;;
;;;;;;;;;;;;;;
;;;;;;;;;;;;;;
;;;;;;;;;;;;;;
;;;;;;;;;;;;;;
;;;;;;;;;;;;;;
;;;;;;;;;;;;;;
;;;;;;;;;;;;;;
;;;;;;;;;;;;;;
;;;;;;;;;;;;;;
;;;;;;;;;;;;;;
;;;;;;;;;;;;;;
;;;;;;;;;;;;;;
;;;;;;;;;;;;;;
;;;;;;;;;;;;;;
;;;;;;;;;;;;;;
;;;;;;;;;;;;;;
;;;;;;;;;;;;;;
;;;;;;;;;;;;;;
;;;;;;;;;;;;;;
;;;;;;;;;;;;;;
;;;;;;;;;;;;;;
;;;;;;;;;;;;;;
;;;;;;;;;;;;;;
;;;;;;;;;;;;;;
;;;;;;;;;;;;;;
;;;;;;;;;;;;;;
;;;;;;;;;;;;;;
;;;;;;;;;;;;;;
;;;;;;;;;;;;;;
;;;;;;;;;;;;;;
;;;;;;;;;;;;;;
;;;;;;;;;;;;;;
;;;;;;;;;;;;;;
;;;;;;;;;;;;;;
;;;;;;;;;;;;;;
;;;;;;;;;;;;;;
;;;;;;;;;;;;;;
;;;;;;;;;;;;;;
;;;;;;;;;;;;;;
;;;;;;;;;;;;;;
;;;;;;;;;;;;;;
;;;;;;;;;;;;;;
;;;;;;;;;;;;;;
;;;;;;;;;;;;;;
;;;;;;;;;;;;;;
;;;;;;;;;;;;;;
;;;;;;;;;;;;;;
;;;;;;;;;;;;;;
;;;;;;;;;;;;;;
;;;;;;;;;;;;;;
;;;;;;;;;;;;;;
;;;;;;;;;;;;;;
;;;;;;;;;;;;;;
;;;;;;;;;;;;;;
;;;;;;;;;;;;;;
;;;;;;;;;;;;;;
;;;;;;;;;;;;;;
;;;;;;;;;;;;;;
;;;;;;;;;;;;;;
;;;;;;;;;;;;;;
;;;;;;;;;;;;;;
;;;;;;;;;;;;;;
;;;;;;;;;;;;;;
;;;;;;;;;;;;;;
;;;;;;;;;;;;;;
;;;;;;;;;;;;;;
;;;;;;;;;;;;;;
;;;;;;;;;;;;;;
;;;;;;;;;;;;;;
;;;;;;;;;;;;;;
;;;;;;;;;;;;;;
;;;;;;;;;;;;;;
;;;;;;;;;;;;;;
;;;;;;;;;;;;;;
;;;;;;;;;;;;;;
;;;;;;;;;;;;;;
;;;;;;;;;;;;;;
;;;;;;;;;;;;;;
;;;;;;;;;;;;;;
;;;;;;;;;;;;;;
;;;;;;;;;;;;;;
;;;;;;;;;;;;;;
;;;;;;;;;;;;;;
;;;;;;;;;;;;;;
;;;;;;;;;;;;;;
;;;;;;;;;;;;;;
;;;;;;;;;;;;;;
;;;;;;;;;;;;;;
;;;;;;;;;;;;;;
;;;;;;;;;;;;;;
;;;;;;;;;;;;;;
;;;;;;;;;;;;;;
;;;;;;;;;;;;;;
;;;;;;;;;;;;;;
;;;;;;;;;;;;;;
;;;;;;;;;;;;;;
;;;;;;;;;;;;;;
;;;;;;;;;;;;;;
;;;;;;;;;;;;;;
;;;;;;;;;;;;;;
;;;;;;;;;;;;;;
;;;;;;;;;;;;;;
;;;;;;;;;;;;;;
;;;;;;;;;;;;;;
;;;;;;;;;;;;;;
;;;;;;;;;;;;;;
;;;;;;;;;;;;;;
;;;;;;;;;;;;;;
;;;;;;;;;;;;;;
;;;;;;;;;;;;;;
;;;;;;;;;;;;;;
;;;;;;;;;;;;;;
;;;;;;;;;;;;;;
;;;;;;;;;;;;;;
;;;;;;;;;;;;;;
;;;;;;;;;;;;;;
;;;;;;;;;;;;;;
;;;;;;;;;;;;;;
;;;;;;;;;;;;;;
;;;;;;;;;;;;;;
;;;;;;;;;;;;;;
;;;;;;;;;;;;;;
;;;;;;;;;;;;;;
;;;;;;;;;;;;;;
;;;;;;;;;;;;;;
;;;;;;;;;;;;;;
;;;;;;;;;;;;;;
;;;;;;;;;;;;;;
;;;;;;;;;;;;;;
;;;;;;;;;;;;;;
;;;;;;;;;;;;;;
;;;;;;;;;;;;;;
;;;;;;;;;;;;;;
;;;;;;;;;;;;;;
;;;;;;;;;;;;;;
;;;;;;;;;;;;;;
;;;;;;;;;;;;;;
;;;;;;;;;;;;;;
;;;;;;;;;;;;;;
;;;;;;;;;;;;;;
;;;;;;;;;;;;;;
;;;;;;;;;;;;;;
;;;;;;;;;;;;;;
;;;;;;;;;;;;;;
;;;;;;;;;;;;;;
;;;;;;;;;;;;;;
;;;;;;;;;;;;;;
;;;;;;;;;;;;;;
;;;;;;;;;;;;;;
;;;;;;;;;;;;;;
;;;;;;;;;;;;;;
;;;;;;;;;;;;;;
;;;;;;;;;;;;;;
;;;;;;;;;;;;;;
;;;;;;;;;;;;;;
;;;;;;;;;;;;;;
;;;;;;;;;;;;;;
;;;;;;;;;;;;;;
;;;;;;;;;;;;;;
;;;;;;;;;;;;;;
;;;;;;;;;;;;;;
;;;;;;;;;;;;;;
;;;;;;;;;;;;;;
;;;;;;;;;;;;;;
;;;;;;;;;;;;;;
;;;;;;;;;;;;;;
;;;;;;;;;;;;;;
;;;;;;;;;;;;;;
;;;;;;;;;;;;;;
;;;;;;;;;;;;;;
;;;;;;;;;;;;;;
;;;;;;;;;;;;;;
;;;;;;;;;;;;;;
;;;;;;;;;;;;;;
;;;;;;;;;;;;;;
;;;;;;;;;;;;;;
;;;;;;;;;;;;;;
;;;;;;;;;;;;;;
